City,Datetime,PM2.5,PM10,NO2,O3,SO2
Kolkata,2023-06-01 00:00:00,51,136,20,43,26
Bangalore,2023-06-01 01:00:00,110,49,63,10,24
Chennai,2023-06-01 02:00:00,13,79,78,17,16
Bangalore,2023-06-01 03:00:00,84,103,47,43,27
Bangalore,2023-06-01 04:00:00,38,121,62,14,21
Mumbai,2023-06-01 05:00:00,120,10,35,10,39
Chennai,2023-06-01 06:00:00,129,50,13,8,16
Chennai,2023-06-01 07:00:00,33,75,52,36,34
Chennai,2023-06-01 08:00:00,40,121,51,35,28
Bangalore,2023-06-01 09:00:00,90,202,41,17,26
Kolkata,2023-06-01 10:00:00,46,79,35,30,1
Chennai,2023-06-01 11:00:00,58,26,59,57,29
Bangalore,2023-06-01 12:00:00,60,108,20,12,16
Mumbai,2023-06-01 13:00:00,5,149,24,5,12
Kolkata,2023-06-01 14:00:00,59,94,19,38,1
Mumbai,2023-06-01 15:00:00,35,49,41,28,17
Kolkata,2023-06-01 16:00:00,42,133,18,17,18
Bangalore,2023-06-01 17:00:00,110,119,26,41,2
Delhi,2023-06-01 18:00:00,16,43,25,45,1
Kolkata,2023-06-01 19:00:00,88,107,34,5,23
Mumbai,2023-06-01 20:00:00,50,134,10,18,28
Bangalore,2023-06-01 21:00:00,50,143,41,71,20
Kolkata,2023-06-01 22:00:00,87,87,64,40,31
Delhi,2023-06-01 23:00:00,71,73,42,42,16
Delhi,2023-06-02 00:00:00,79,145,70,51,17
Chennai,2023-06-02 01:00:00,93,35,66,30,6
Chennai,2023-06-02 02:00:00,48,109,55,44,1
Mumbai,2023-06-02 03:00:00,38,28,41,42,40
Kolkata,2023-06-02 04:00:00,22,137,40,39,31
Kolkata,2023-06-02 05:00:00,31,78,55,24,1
Chennai,2023-06-02 06:00:00,163,147,32,33,19
Kolkata,2023-06-02 07:00:00,103,112,5,19,16
Kolkata,2023-06-02 08:00:00,12,34,49,30,14
Delhi,2023-06-02 09:00:00,13,154,17,8,13
Chennai,2023-06-02 10:00:00,76,159,20,15,22
Bangalore,2023-06-02 11:00:00,79,129,40,24,27
Chennai,2023-06-02 12:00:00,79,55,38,13,22
Bangalore,2023-06-02 13:00:00,51,76,11,20,16
Delhi,2023-06-02 14:00:00,55,96,43,27,16
Mumbai,2023-06-02 15:00:00,71,58,59,37,29
Kolkata,2023-06-02 16:00:00,63,166,17,47,23
Delhi,2023-06-02 17:00:00,5,96,65,21,18
Kolkata,2023-06-02 18:00:00,51,10,8,54,17
Mumbai,2023-06-02 19:00:00,30,105,82,46,22
Mumbai,2023-06-02 20:00:00,66,74,31,39,12
Delhi,2023-06-02 21:00:00,164,86,42,32,27
Mumbai,2023-06-02 22:00:00,72,73,5,35,5
Bangalore,2023-06-02 23:00:00,49,126,38,51,13
Mumbai,2023-06-03 00:00:00,92,140,44,52,25
Kolkata,2023-06-03 01:00:00,76,102,38,54,4
Kolkata,2023-06-03 02:00:00,74,74,28,30,1
Kolkata,2023-06-03 03:00:00,81,88,21,39,18
Kolkata,2023-06-03 04:00:00,131,90,62,54,1
Bangalore,2023-06-03 05:00:00,20,53,40,18,2
Chennai,2023-06-03 06:00:00,76,116,70,24,27
Delhi,2023-06-03 07:00:00,27,110,29,30,15
Kolkata,2023-06-03 08:00:00,79,159,31,46,33
Mumbai,2023-06-03 09:00:00,27,146,56,46,3
Kolkata,2023-06-03 10:00:00,45,59,7,25,16
Mumbai,2023-06-03 11:00:00,49,126,15,5,22
Mumbai,2023-06-03 12:00:00,94,47,61,34,3
Kolkata,2023-06-03 13:00:00,92,121,16,13,30
Bangalore,2023-06-03 14:00:00,16,66,5,5,24
Mumbai,2023-06-03 15:00:00,61,43,77,7,1
Mumbai,2023-06-03 16:00:00,35,102,12,35,17
Kolkata,2023-06-03 17:00:00,15,10,43,54,22
Mumbai,2023-06-03 18:00:00,52,11,41,30,10
Mumbai,2023-06-03 19:00:00,49,82,5,33,1
Kolkata,2023-06-03 20:00:00,144,93,34,51,21
Kolkata,2023-06-03 21:00:00,75,73,48,5,44
Delhi,2023-06-03 22:00:00,11,18,47,39,13
Bangalore,2023-06-03 23:00:00,40,53,58,29,36
Bangalore,2023-06-04 00:00:00,95,107,32,40,8
Mumbai,2023-06-04 01:00:00,133,116,54,21,20
Bangalore,2023-06-04 02:00:00,5,89,26,15,27
Mumbai,2023-06-04 03:00:00,5,142,11,32,17
Delhi,2023-06-04 04:00:00,125,107,14,59,14
Kolkata,2023-06-04 05:00:00,73,56,10,45,26
Kolkata,2023-06-04 06:00:00,29,77,60,20,40
Kolkata,2023-06-04 07:00:00,78,26,9,5,21
Bangalore,2023-06-04 08:00:00,5,85,45,5,11
Delhi,2023-06-04 09:00:00,60,140,34,53,15
Bangalore,2023-06-04 10:00:00,71,120,37,12,48
Bangalore,2023-06-04 11:00:00,92,153,67,24,19
Delhi,2023-06-04 12:00:00,24,76,31,53,10
Delhi,2023-06-04 13:00:00,62,150,52,5,4
Delhi,2023-06-04 14:00:00,27,81,40,56,1
Delhi,2023-06-04 15:00:00,68,156,36,25,22
Kolkata,2023-06-04 16:00:00,28,89,85,9,25
Chennai,2023-06-04 17:00:00,45,121,11,25,13
Chennai,2023-06-04 18:00:00,25,156,65,16,17
Delhi,2023-06-04 19:00:00,82,81,53,37,3
Chennai,2023-06-04 20:00:00,90,99,30,18,19
Chennai,2023-06-04 21:00:00,51,147,72,5,23
Delhi,2023-06-04 22:00:00,61,84,5,26,11
Chennai,2023-06-04 23:00:00,9,30,29,5,38
Bangalore,2023-06-05 00:00:00,49,186,15,33,7
Mumbai,2023-06-05 01:00:00,58,68,48,8,21
Mumbai,2023-06-05 02:00:00,151,97,17,21,28
Delhi,2023-06-05 03:00:00,21,142,48,33,17
Kolkata,2023-06-05 04:00:00,111,62,36,26,15
Delhi,2023-06-05 05:00:00,94,44,30,34,1
Kolkata,2023-06-05 06:00:00,69,101,47,42,34
Mumbai,2023-06-05 07:00:00,121,10,34,9,15
Delhi,2023-06-05 08:00:00,73,77,18,28,24
Bangalore,2023-06-05 09:00:00,73,101,96,5,26
Chennai,2023-06-05 10:00:00,58,77,30,34,10
Kolkata,2023-06-05 11:00:00,102,20,5,24,15
Chennai,2023-06-05 12:00:00,98,161,23,12,34
Chennai,2023-06-05 13:00:00,38,94,14,35,4
Delhi,2023-06-05 14:00:00,13,154,56,51,43
Chennai,2023-06-05 15:00:00,52,78,46,21,9
Bangalore,2023-06-05 16:00:00,31,50,47,12,3
Chennai,2023-06-05 17:00:00,57,102,32,32,19
Delhi,2023-06-05 18:00:00,103,80,34,5,44
Bangalore,2023-06-05 19:00:00,43,37,32,18,1
Mumbai,2023-06-05 20:00:00,58,156,38,52,16
Chennai,2023-06-05 21:00:00,62,61,56,31,23
Delhi,2023-06-05 22:00:00,89,10,46,5,18
Mumbai,2023-06-05 23:00:00,5,149,50,5,22
Mumbai,2023-06-06 00:00:00,38,67,49,32,9
Kolkata,2023-06-06 01:00:00,67,62,57,45,10
Bangalore,2023-06-06 02:00:00,102,10,45,5,16
Chennai,2023-06-06 03:00:00,42,168,47,38,4
Delhi,2023-06-06 04:00:00,5,31,63,53,17
Kolkata,2023-06-06 05:00:00,81,92,26,63,13
Bangalore,2023-06-06 06:00:00,37,131,22,35,12
Kolkata,2023-06-06 07:00:00,18,108,16,39,21
Bangalore,2023-06-06 08:00:00,38,87,43,5,1
Bangalore,2023-06-06 09:00:00,53,13,5,67,15
Chennai,2023-06-06 10:00:00,38,53,49,19,45
Bangalore,2023-06-06 11:00:00,5,98,37,13,4
Kolkata,2023-06-06 12:00:00,91,54,62,25,33
Bangalore,2023-06-06 13:00:00,104,99,26,57,18
Chennai,2023-06-06 14:00:00,82,120,35,69,10
Chennai,2023-06-06 15:00:00,20,133,62,32,2
Kolkata,2023-06-06 16:00:00,52,34,67,47,19
Mumbai,2023-06-06 17:00:00,59,188,26,30,35
Mumbai,2023-06-06 18:00:00,80,124,43,11,13
Bangalore,2023-06-06 19:00:00,83,89,45,56,17
Delhi,2023-06-06 20:00:00,34,139,47,18,30
Bangalore,2023-06-06 21:00:00,62,196,34,57,22
Kolkata,2023-06-06 22:00:00,76,25,65,53,1
Kolkata,2023-06-06 23:00:00,110,79,5,41,19
Kolkata,2023-06-07 00:00:00,84,10,31,62,36
Kolkata,2023-06-07 01:00:00,87,98,48,70,17
Kolkata,2023-06-07 02:00:00,62,106,49,26,1
Chennai,2023-06-07 03:00:00,109,88,67,15,22
Mumbai,2023-06-07 04:00:00,74,60,63,5,15
Kolkata,2023-06-07 05:00:00,29,10,34,70,1
Delhi,2023-06-07 06:00:00,109,106,65,22,1
Delhi,2023-06-07 07:00:00,84,155,25,50,29
Delhi,2023-06-07 08:00:00,44,63,58,16,9
Delhi,2023-06-07 09:00:00,43,109,76,57,7
Chennai,2023-06-07 10:00:00,70,19,64,17,17
Delhi,2023-06-07 11:00:00,76,110,42,8,10
Kolkata,2023-06-07 12:00:00,66,72,33,26,19
Bangalore,2023-06-07 13:00:00,70,55,9,20,15
Delhi,2023-06-07 14:00:00,119,55,46,40,3
Chennai,2023-06-07 15:00:00,97,72,17,29,11
Chennai,2023-06-07 16:00:00,66,107,24,41,23
Delhi,2023-06-07 17:00:00,92,30,16,24,18
Bangalore,2023-06-07 18:00:00,23,72,30,18,17
Delhi,2023-06-07 19:00:00,73,88,39,19,41
Chennai,2023-06-07 20:00:00,123,40,45,66,26
Mumbai,2023-06-07 21:00:00,52,170,27,34,28
Kolkata,2023-06-07 22:00:00,30,51,61,5,16
Chennai,2023-06-07 23:00:00,37,59,35,20,20
Delhi,2023-06-08 00:00:00,21,45,24,31,12
Kolkata,2023-06-08 01:00:00,32,170,44,63,27
Delhi,2023-06-08 02:00:00,47,114,79,48,16
Delhi,2023-06-08 03:00:00,10,47,46,13,20
Mumbai,2023-06-08 04:00:00,60,139,32,73,19
Kolkata,2023-06-08 05:00:00,91,99,9,29,17
Kolkata,2023-06-08 06:00:00,28,101,35,52,53
Mumbai,2023-06-08 07:00:00,113,74,44,9,10
Chennai,2023-06-08 08:00:00,77,56,32,5,9
Delhi,2023-06-08 09:00:00,96,105,6,5,26
Bangalore,2023-06-08 10:00:00,36,65,22,5,10
Delhi,2023-06-08 11:00:00,89,171,69,68,14
Delhi,2023-06-08 12:00:00,21,32,68,33,4
Chennai,2023-06-08 13:00:00,91,159,22,13,23
Delhi,2023-06-08 14:00:00,66,84,53,38,24
Mumbai,2023-06-08 15:00:00,79,103,16,33,14
Mumbai,2023-06-08 16:00:00,18,127,68,41,26
Kolkata,2023-06-08 17:00:00,28,61,44,51,1
Bangalore,2023-06-08 18:00:00,80,128,58,24,9
Delhi,2023-06-08 19:00:00,26,10,5,14,15
Delhi,2023-06-08 20:00:00,76,57,53,44,3
Chennai,2023-06-08 21:00:00,12,48,39,44,1
Mumbai,2023-06-08 22:00:00,89,33,57,31,14
Bangalore,2023-06-08 23:00:00,16,80,58,69,26
Kolkata,2023-06-09 00:00:00,79,107,41,22,33
Mumbai,2023-06-09 01:00:00,81,121,27,13,11
Kolkata,2023-06-09 02:00:00,35,100,55,37,26
Chennai,2023-06-09 03:00:00,80,60,38,17,25
Chennai,2023-06-09 04:00:00,69,106,22,38,32
Delhi,2023-06-09 05:00:00,41,95,21,15,13
Bangalore,2023-06-09 06:00:00,24,132,10,22,1
Kolkata,2023-06-09 07:00:00,5,124,29,64,18
Mumbai,2023-06-09 08:00:00,72,91,62,22,5
Chennai,2023-06-09 09:00:00,5,49,43,15,9
Delhi,2023-06-09 10:00:00,63,60,29,51,14
Delhi,2023-06-09 11:00:00,50,65,56,11,13
Kolkata,2023-06-09 12:00:00,83,75,23,17,19
Chennai,2023-06-09 13:00:00,49,102,41,40,26
Bangalore,2023-06-09 14:00:00,48,122,36,46,13
Chennai,2023-06-09 15:00:00,85,87,55,51,22
Kolkata,2023-06-09 16:00:00,71,90,8,16,18
Kolkata,2023-06-09 17:00:00,71,96,22,40,29
Chennai,2023-06-09 18:00:00,76,66,7,21,15
Kolkata,2023-06-09 19:00:00,6,48,34,19,17
Chennai,2023-06-09 20:00:00,86,11,64,51,13
Mumbai,2023-06-09 21:00:00,81,58,29,20,16
Chennai,2023-06-09 22:00:00,24,111,29,35,8
Chennai,2023-06-09 23:00:00,51,58,57,32,7
Kolkata,2023-06-10 00:00:00,58,79,61,10,27
Kolkata,2023-06-10 01:00:00,55,110,38,47,5
Delhi,2023-06-10 02:00:00,71,113,53,40,14
Delhi,2023-06-10 03:00:00,110,41,18,5,30
Mumbai,2023-06-10 04:00:00,97,134,67,34,13
Delhi,2023-06-10 05:00:00,14,140,82,16,27
Chennai,2023-06-10 06:00:00,81,39,50,49,10
Kolkata,2023-06-10 07:00:00,106,52,5,5,5
Delhi,2023-06-10 08:00:00,73,143,28,23,1
Delhi,2023-06-10 09:00:00,98,83,52,36,33
Mumbai,2023-06-10 10:00:00,130,10,31,30,4
Mumbai,2023-06-10 11:00:00,95,27,65,43,26
Chennai,2023-06-10 12:00:00,68,78,51,5,6
Kolkata,2023-06-10 13:00:00,96,37,25,59,33
Mumbai,2023-06-10 14:00:00,65,71,40,39,44
Delhi,2023-06-10 15:00:00,60,91,22,54,1
Kolkata,2023-06-10 16:00:00,47,155,36,45,4
Kolkata,2023-06-10 17:00:00,114,76,28,29,27
Delhi,2023-06-10 18:00:00,31,138,63,6,24
Mumbai,2023-06-10 19:00:00,113,154,82,19,27
Delhi,2023-06-10 20:00:00,77,154,11,58,11
Kolkata,2023-06-10 21:00:00,11,102,5,54,41
Bangalore,2023-06-10 22:00:00,72,10,35,18,19
Bangalore,2023-06-10 23:00:00,5,110,9,5,3
Chennai,2023-06-11 00:00:00,81,137,40,26,14
Delhi,2023-06-11 01:00:00,90,86,54,24,3
Delhi,2023-06-11 02:00:00,39,168,69,25,37
Chennai,2023-06-11 03:00:00,64,128,44,39,10
Chennai,2023-06-11 04:00:00,128,115,36,45,23
Chennai,2023-06-11 05:00:00,42,138,5,47,12
Kolkata,2023-06-11 06:00:00,22,105,40,38,10
Delhi,2023-06-11 07:00:00,111,10,41,5,1
Kolkata,2023-06-11 08:00:00,128,67,52,23,25
Chennai,2023-06-11 09:00:00,60,143,25,71,33
Delhi,2023-06-11 10:00:00,95,53,31,36,7
Kolkata,2023-06-11 11:00:00,106,79,10,36,1
Kolkata,2023-06-11 12:00:00,34,42,5,36,27
Chennai,2023-06-11 13:00:00,43,170,17,37,1
Delhi,2023-06-11 14:00:00,103,165,8,5,32
Chennai,2023-06-11 15:00:00,118,50,46,25,7
Delhi,2023-06-11 16:00:00,79,96,29,29,4
Bangalore,2023-06-11 17:00:00,29,59,29,53,20
Mumbai,2023-06-11 18:00:00,129,117,20,30,5
Mumbai,2023-06-11 19:00:00,41,112,5,5,9
Mumbai,2023-06-11 20:00:00,48,126,70,37,22
Chennai,2023-06-11 21:00:00,71,104,19,15,1
Bangalore,2023-06-11 22:00:00,114,222,31,8,37
Delhi,2023-06-11 23:00:00,89,43,10,14,18
Kolkata,2023-06-12 00:00:00,74,13,59,39,2
Delhi,2023-06-12 01:00:00,76,72,42,52,5
Kolkata,2023-06-12 02:00:00,61,19,23,38,29
Delhi,2023-06-12 03:00:00,79,22,32,41,25
Bangalore,2023-06-12 04:00:00,5,44,73,38,34
Kolkata,2023-06-12 05:00:00,49,48,38,31,9
Chennai,2023-06-12 06:00:00,68,47,36,42,21
Delhi,2023-06-12 07:00:00,19,113,21,5,23
Delhi,2023-06-12 08:00:00,73,67,5,31,26
Kolkata,2023-06-12 09:00:00,52,81,36,11,31
Chennai,2023-06-12 10:00:00,121,130,46,50,9
Chennai,2023-06-12 11:00:00,115,55,61,27,16
Bangalore,2023-06-12 12:00:00,43,78,5,30,10
Chennai,2023-06-12 13:00:00,54,106,17,5,17
Chennai,2023-06-12 14:00:00,57,10,28,48,26
Chennai,2023-06-12 15:00:00,44,10,39,41,1
Mumbai,2023-06-12 16:00:00,66,105,37,40,31
Bangalore,2023-06-12 17:00:00,33,112,37,15,4
Delhi,2023-06-12 18:00:00,20,182,48,16,14
Kolkata,2023-06-12 19:00:00,81,97,21,34,32
Delhi,2023-06-12 20:00:00,82,126,58,17,21
Bangalore,2023-06-12 21:00:00,31,81,48,37,22
Kolkata,2023-06-12 22:00:00,91,103,33,5,3
Bangalore,2023-06-12 23:00:00,37,165,72,21,5
Chennai,2023-06-13 00:00:00,68,10,71,62,29
Kolkata,2023-06-13 01:00:00,88,108,58,37,10
Chennai,2023-06-13 02:00:00,58,186,5,33,12
Delhi,2023-06-13 03:00:00,75,102,71,65,29
Delhi,2023-06-13 04:00:00,41,164,55,5,5
Kolkata,2023-06-13 05:00:00,53,61,80,15,21
Kolkata,2023-06-13 06:00:00,52,88,64,22,18
Bangalore,2023-06-13 07:00:00,33,91,71,45,17
Bangalore,2023-06-13 08:00:00,53,10,57,45,11
Chennai,2023-06-13 09:00:00,5,37,66,14,11
Kolkata,2023-06-13 10:00:00,42,40,79,47,5
Delhi,2023-06-13 11:00:00,50,126,44,22,23
Bangalore,2023-06-13 12:00:00,51,129,8,51,9
Bangalore,2023-06-13 13:00:00,51,104,33,11,29
Delhi,2023-06-13 14:00:00,57,127,47,27,15
Bangalore,2023-06-13 15:00:00,76,82,41,21,5
Chennai,2023-06-13 16:00:00,90,144,15,49,15
Kolkata,2023-06-13 17:00:00,37,90,7,20,13
Delhi,2023-06-13 18:00:00,17,92,25,29,30
Kolkata,2023-06-13 19:00:00,23,78,56,39,13
Bangalore,2023-06-13 20:00:00,42,120,71,39,14
Bangalore,2023-06-13 21:00:00,47,71,58,45,34
Delhi,2023-06-13 22:00:00,33,133,61,33,24
Chennai,2023-06-13 23:00:00,14,39,38,22,37
Mumbai,2023-06-14 00:00:00,44,40,5,23,33
Delhi,2023-06-14 01:00:00,66,120,30,30,7
Mumbai,2023-06-14 02:00:00,80,86,34,34,29
Mumbai,2023-06-14 03:00:00,40,69,30,27,36
Chennai,2023-06-14 04:00:00,45,130,41,30,36
Mumbai,2023-06-14 05:00:00,27,62,48,5,29
Mumbai,2023-06-14 06:00:00,58,80,57,42,29
Chennai,2023-06-14 07:00:00,30,152,34,33,14
Mumbai,2023-06-14 08:00:00,80,159,5,48,7
Mumbai,2023-06-14 09:00:00,5,160,30,30,13
Mumbai,2023-06-14 10:00:00,47,77,40,5,1
Delhi,2023-06-14 11:00:00,70,145,64,23,34
Delhi,2023-06-14 12:00:00,66,47,28,26,14
Delhi,2023-06-14 13:00:00,154,49,50,43,33
Chennai,2023-06-14 14:00:00,72,10,45,5,3
Bangalore,2023-06-14 15:00:00,24,165,40,30,30
Mumbai,2023-06-14 16:00:00,56,51,58,39,12
Mumbai,2023-06-14 17:00:00,5,84,26,18,2
Chennai,2023-06-14 18:00:00,57,49,28,31,37
Mumbai,2023-06-14 19:00:00,30,121,39,18,31
Delhi,2023-06-14 20:00:00,92,73,27,16,20
Bangalore,2023-06-14 21:00:00,40,31,50,22,18
Kolkata,2023-06-14 22:00:00,55,109,25,17,23
Mumbai,2023-06-14 23:00:00,37,25,44,42,20
Delhi,2023-06-15 00:00:00,120,52,37,16,8
Kolkata,2023-06-15 01:00:00,48,10,44,13,13
Bangalore,2023-06-15 02:00:00,124,25,30,61,41
Kolkata,2023-06-15 03:00:00,88,98,33,47,50
Delhi,2023-06-15 04:00:00,76,10,41,5,36
Kolkata,2023-06-15 05:00:00,72,23,44,16,23
Chennai,2023-06-15 06:00:00,73,89,39,34,13
Kolkata,2023-06-15 07:00:00,5,65,74,35,8
Mumbai,2023-06-15 08:00:00,50,179,20,5,9
Mumbai,2023-06-15 09:00:00,89,172,38,50,11
Chennai,2023-06-15 10:00:00,58,50,8,44,43
Delhi,2023-06-15 11:00:00,10,115,47,38,39
Mumbai,2023-06-15 12:00:00,58,123,17,54,26
Bangalore,2023-06-15 13:00:00,119,63,34,38,6
Mumbai,2023-06-15 14:00:00,103,22,32,38,28
Mumbai,2023-06-15 15:00:00,57,89,45,58,15
Delhi,2023-06-15 16:00:00,93,82,28,49,1
Kolkata,2023-06-15 17:00:00,47,70,28,14,21
Mumbai,2023-06-15 18:00:00,5,109,68,41,7
Chennai,2023-06-15 19:00:00,27,56,45,18,8
Kolkata,2023-06-15 20:00:00,114,38,28,39,14
Bangalore,2023-06-15 21:00:00,50,94,34,38,12
Delhi,2023-06-15 22:00:00,51,107,72,5,17
Bangalore,2023-06-15 23:00:00,49,37,35,27,17
Kolkata,2023-06-16 00:00:00,126,131,26,34,1
Kolkata,2023-06-16 01:00:00,116,10,26,22,36
Kolkata,2023-06-16 02:00:00,137,63,29,35,6
Bangalore,2023-06-16 03:00:00,54,78,28,44,6
Kolkata,2023-06-16 04:00:00,70,61,14,29,14
Bangalore,2023-06-16 05:00:00,6,64,17,34,16
Kolkata,2023-06-16 06:00:00,111,174,23,54,35
Chennai,2023-06-16 07:00:00,19,51,51,38,21
Kolkata,2023-06-16 08:00:00,67,199,32,33,24
Bangalore,2023-06-16 09:00:00,21,109,35,12,21
Mumbai,2023-06-16 10:00:00,39,94,65,42,20
Kolkata,2023-06-16 11:00:00,30,111,65,35,21
Mumbai,2023-06-16 12:00:00,38,203,34,53,1
Chennai,2023-06-16 13:00:00,41,45,27,30,15
Delhi,2023-06-16 14:00:00,40,39,22,5,31
Chennai,2023-06-16 15:00:00,89,56,53,5,65
Kolkata,2023-06-16 16:00:00,21,91,35,43,3
Mumbai,2023-06-16 17:00:00,67,12,32,19,23
Mumbai,2023-06-16 18:00:00,102,91,23,37,11
Bangalore,2023-06-16 19:00:00,42,166,24,32,42
Mumbai,2023-06-16 20:00:00,34,96,46,26,1
Bangalore,2023-06-16 21:00:00,51,76,13,28,25
Delhi,2023-06-16 22:00:00,101,62,59,14,1
Kolkata,2023-06-16 23:00:00,66,130,29,29,14
Bangalore,2023-06-17 00:00:00,41,52,37,19,17
Delhi,2023-06-17 01:00:00,76,173,13,23,30
Mumbai,2023-06-17 02:00:00,21,177,39,24,5
Mumbai,2023-06-17 03:00:00,83,101,33,25,25
Delhi,2023-06-17 04:00:00,74,89,38,46,18
Mumbai,2023-06-17 05:00:00,49,136,69,27,21
Delhi,2023-06-17 06:00:00,30,139,43,48,29
Bangalore,2023-06-17 07:00:00,28,53,24,57,2
Bangalore,2023-06-17 08:00:00,78,66,25,45,27
Delhi,2023-06-17 09:00:00,103,30,51,39,11
Bangalore,2023-06-17 10:00:00,37,108,65,35,31
Bangalore,2023-06-17 11:00:00,76,119,45,45,22
Bangalore,2023-06-17 12:00:00,5,29,53,31,15
Chennai,2023-06-17 13:00:00,39,69,52,47,10
Kolkata,2023-06-17 14:00:00,58,29,68,41,27
Mumbai,2023-06-17 15:00:00,28,49,5,23,33
Chennai,2023-06-17 16:00:00,27,114,53,46,11
Bangalore,2023-06-17 17:00:00,36,56,59,31,4
Delhi,2023-06-17 18:00:00,70,76,13,28,26
Bangalore,2023-06-17 19:00:00,53,16,22,21,1
Kolkata,2023-06-17 20:00:00,5,98,22,32,2
Bangalore,2023-06-17 21:00:00,5,88,25,47,5
Delhi,2023-06-17 22:00:00,38,57,30,46,13
Kolkata,2023-06-17 23:00:00,76,81,44,36,1
Bangalore,2023-06-18 00:00:00,5,98,57,40,1
Kolkata,2023-06-18 01:00:00,42,53,61,52,4
Mumbai,2023-06-18 02:00:00,41,23,23,27,25
Mumbai,2023-06-18 03:00:00,108,171,23,9,2
Bangalore,2023-06-18 04:00:00,46,61,66,53,13
Kolkata,2023-06-18 05:00:00,73,85,52,20,41
Delhi,2023-06-18 06:00:00,64,135,41,17,17
Bangalore,2023-06-18 07:00:00,5,248,49,5,22
Mumbai,2023-06-18 08:00:00,86,33,39,40,6
Mumbai,2023-06-18 09:00:00,67,110,50,5,43
Bangalore,2023-06-18 10:00:00,77,58,33,16,11
Kolkata,2023-06-18 11:00:00,197,65,45,40,15
Mumbai,2023-06-18 12:00:00,5,57,9,42,33
Kolkata,2023-06-18 13:00:00,120,39,26,18,15
Mumbai,2023-06-18 14:00:00,49,88,26,27,18
Mumbai,2023-06-18 15:00:00,70,23,32,14,14
Chennai,2023-06-18 16:00:00,58,132,21,20,14
Mumbai,2023-06-18 17:00:00,45,92,29,34,22
Delhi,2023-06-18 18:00:00,40,109,9,20,24
Bangalore,2023-06-18 19:00:00,71,69,50,25,10
Bangalore,2023-06-18 20:00:00,6,73,38,5,8
Kolkata,2023-06-18 21:00:00,86,102,5,50,10
Mumbai,2023-06-18 22:00:00,45,37,23,39,1
Delhi,2023-06-18 23:00:00,20,73,46,44,1
Kolkata,2023-06-19 00:00:00,44,51,29,53,21
Chennai,2023-06-19 01:00:00,104,49,26,15,29
Kolkata,2023-06-19 02:00:00,41,10,38,23,28
Kolkata,2023-06-19 03:00:00,72,150,46,5,1
Mumbai,2023-06-19 04:00:00,34,59,11,86,15
Chennai,2023-06-19 05:00:00,86,142,51,27,4
Kolkata,2023-06-19 06:00:00,83,138,23,48,19
Delhi,2023-06-19 07:00:00,124,32,39,7,12
Delhi,2023-06-19 08:00:00,53,41,39,47,25
Bangalore,2023-06-19 09:00:00,83,205,29,63,17
Chennai,2023-06-19 10:00:00,63,168,19,28,1
Chennai,2023-06-19 11:00:00,105,88,34,11,6
Bangalore,2023-06-19 12:00:00,34,101,72,27,18
Kolkata,2023-06-19 13:00:00,86,61,12,5,19
Chennai,2023-06-19 14:00:00,53,109,73,29,1
Delhi,2023-06-19 15:00:00,57,57,34,44,1
Delhi,2023-06-19 16:00:00,63,10,40,29,18
Mumbai,2023-06-19 17:00:00,68,30,18,24,1
Chennai,2023-06-19 18:00:00,55,90,24,39,1
Kolkata,2023-06-19 19:00:00,67,39,29,40,12
Bangalore,2023-06-19 20:00:00,115,86,19,5,12
Bangalore,2023-06-19 21:00:00,94,41,35,31,7
Kolkata,2023-06-19 22:00:00,90,54,31,73,9
Mumbai,2023-06-19 23:00:00,44,128,77,5,18
Bangalore,2023-06-20 00:00:00,28,101,16,28,9
Chennai,2023-06-20 01:00:00,93,89,42,64,18
Mumbai,2023-06-20 02:00:00,90,129,44,49,13
Chennai,2023-06-20 03:00:00,111,111,18,20,20
Delhi,2023-06-20 04:00:00,38,155,53,33,28
Mumbai,2023-06-20 05:00:00,51,69,32,29,28
Bangalore,2023-06-20 06:00:00,5,70,5,16,33
Mumbai,2023-06-20 07:00:00,46,31,53,28,28
Mumbai,2023-06-20 08:00:00,94,70,17,24,20
Mumbai,2023-06-20 09:00:00,43,133,19,32,12
Mumbai,2023-06-20 10:00:00,82,148,53,16,13
Chennai,2023-06-20 11:00:00,53,133,33,7,7
Delhi,2023-06-20 12:00:00,71,10,58,29,18
Kolkata,2023-06-20 13:00:00,19,138,64,60,26
Mumbai,2023-06-20 14:00:00,62,10,27,31,9
Bangalore,2023-06-20 15:00:00,5,130,55,24,17
Mumbai,2023-06-20 16:00:00,53,73,24,43,9
Bangalore,2023-06-20 17:00:00,5,121,84,27,20
Chennai,2023-06-20 18:00:00,102,30,26,63,11
Bangalore,2023-06-20 19:00:00,87,142,60,29,9
Kolkata,2023-06-20 20:00:00,76,24,56,42,9
Delhi,2023-06-20 21:00:00,113,59,46,16,24
Bangalore,2023-06-20 22:00:00,26,45,26,39,16
Bangalore,2023-06-20 23:00:00,121,11,36,34,12
Delhi,2023-06-21 00:00:00,92,94,5,28,21
Kolkata,2023-06-21 01:00:00,51,171,44,20,13
Mumbai,2023-06-21 02:00:00,99,210,46,18,31
Bangalore,2023-06-21 03:00:00,21,94,42,35,6
Delhi,2023-06-21 04:00:00,31,140,5,41,15
Chennai,2023-06-21 05:00:00,38,100,14,27,1
Delhi,2023-06-21 06:00:00,41,112,25,35,13
Chennai,2023-06-21 07:00:00,23,74,45,29,1
Kolkata,2023-06-21 08:00:00,102,98,45,31,26
Mumbai,2023-06-21 09:00:00,50,114,36,26,27
Delhi,2023-06-21 10:00:00,72,63,52,30,27
Bangalore,2023-06-21 11:00:00,40,86,19,78,18
Kolkata,2023-06-21 12:00:00,5,87,52,35,7
Delhi,2023-06-21 13:00:00,69,127,49,41,8
Bangalore,2023-06-21 14:00:00,5,42,47,37,36
Delhi,2023-06-21 15:00:00,57,87,36,25,35
Chennai,2023-06-21 16:00:00,12,176,76,53,19
Delhi,2023-06-21 17:00:00,129,142,49,24,11
Delhi,2023-06-21 18:00:00,91,150,20,48,34
Delhi,2023-06-21 19:00:00,63,91,44,23,9
Kolkata,2023-06-21 20:00:00,104,104,55,12,20
Delhi,2023-06-21 21:00:00,30,135,28,36,34
Bangalore,2023-06-21 22:00:00,79,160,61,10,7
Chennai,2023-06-21 23:00:00,66,10,47,39,27
Chennai,2023-06-22 00:00:00,69,30,5,8,24
Delhi,2023-06-22 01:00:00,104,148,45,24,17
Kolkata,2023-06-22 02:00:00,85,77,31,5,6
Kolkata,2023-06-22 03:00:00,70,59,50,80,9
Bangalore,2023-06-22 04:00:00,5,33,58,5,21
Delhi,2023-06-22 05:00:00,26,65,43,30,1
Chennai,2023-06-22 06:00:00,55,26,73,50,19
Kolkata,2023-06-22 07:00:00,63,184,36,48,24
Delhi,2023-06-22 08:00:00,20,88,52,45,29
Kolkata,2023-06-22 09:00:00,144,87,56,24,1
Kolkata,2023-06-22 10:00:00,113,116,38,54,33
Chennai,2023-06-22 11:00:00,81,133,55,46,38
Mumbai,2023-06-22 12:00:00,62,132,28,33,22
Bangalore,2023-06-22 13:00:00,52,138,31,34,5
Bangalore,2023-06-22 14:00:00,26,61,13,24,14
Chennai,2023-06-22 15:00:00,62,76,44,13,17
Kolkata,2023-06-22 16:00:00,69,124,46,52,21
Delhi,2023-06-22 17:00:00,16,66,63,53,18
Kolkata,2023-06-22 18:00:00,71,89,55,14,21
Chennai,2023-06-22 19:00:00,54,107,34,27,16
Bangalore,2023-06-22 20:00:00,5,125,16,27,21
Kolkata,2023-06-22 21:00:00,29,10,48,29,12
Bangalore,2023-06-22 22:00:00,45,122,62,31,13
Delhi,2023-06-22 23:00:00,126,79,55,47,11
Bangalore,2023-06-23 00:00:00,79,121,61,16,41
Bangalore,2023-06-23 01:00:00,13,124,35,14,35
Mumbai,2023-06-23 02:00:00,77,162,30,52,24
Mumbai,2023-06-23 03:00:00,5,150,25,21,33
Mumbai,2023-06-23 04:00:00,97,150,38,7,27
Bangalore,2023-06-23 05:00:00,43,154,38,21,20
Chennai,2023-06-23 06:00:00,56,103,44,24,1
Bangalore,2023-06-23 07:00:00,106,91,37,57,14
Chennai,2023-06-23 08:00:00,14,129,37,46,13
Chennai,2023-06-23 09:00:00,11,122,24,50,4
Mumbai,2023-06-23 10:00:00,39,76,58,44,1
Kolkata,2023-06-23 11:00:00,96,108,41,47,23
Delhi,2023-06-23 12:00:00,6,88,36,17,21
Mumbai,2023-06-23 13:00:00,5,51,25,26,3
Mumbai,2023-06-23 14:00:00,44,148,13,12,9
Kolkata,2023-06-23 15:00:00,79,92,66,26,31
Delhi,2023-06-23 16:00:00,102,182,51,42,7
Bangalore,2023-06-23 17:00:00,43,16,7,32,20
Bangalore,2023-06-23 18:00:00,45,64,55,53,15
Mumbai,2023-06-23 19:00:00,100,91,58,9,24
Delhi,2023-06-23 20:00:00,5,141,42,39,7
Mumbai,2023-06-23 21:00:00,46,107,71,7,19
Chennai,2023-06-23 22:00:00,66,103,44,31,20
Mumbai,2023-06-23 23:00:00,75,39,11,43,20
Mumbai,2023-06-24 00:00:00,42,37,47,26,18
Bangalore,2023-06-24 01:00:00,61,104,44,39,22
Bangalore,2023-06-24 02:00:00,5,28,27,12,44
Bangalore,2023-06-24 03:00:00,36,66,51,5,48
Chennai,2023-06-24 04:00:00,75,112,6,40,10
Bangalore,2023-06-24 05:00:00,25,45,59,61,1
Delhi,2023-06-24 06:00:00,62,162,22,12,25
Kolkata,2023-06-24 07:00:00,75,145,20,51,20
Delhi,2023-06-24 08:00:00,48,19,37,30,30
Delhi,2023-06-24 09:00:00,65,48,48,5,21
Bangalore,2023-06-24 10:00:00,26,10,43,9,18
Kolkata,2023-06-24 11:00:00,52,54,25,30,31
Kolkata,2023-06-24 12:00:00,81,124,29,22,33
Kolkata,2023-06-24 13:00:00,65,71,17,6,1
Chennai,2023-06-24 14:00:00,39,110,35,5,8
Bangalore,2023-06-24 15:00:00,67,21,61,14,16
Kolkata,2023-06-24 16:00:00,85,125,39,33,19
Chennai,2023-06-24 17:00:00,5,65,57,29,15
Mumbai,2023-06-24 18:00:00,100,90,69,20,23
Mumbai,2023-06-24 19:00:00,48,85,28,33,29
Chennai,2023-06-24 20:00:00,74,32,36,48,38
Chennai,2023-06-24 21:00:00,101,38,83,37,24
Bangalore,2023-06-24 22:00:00,11,133,68,27,7
Bangalore,2023-06-24 23:00:00,35,107,6,46,16
Mumbai,2023-06-25 00:00:00,49,137,47,12,17
Kolkata,2023-06-25 01:00:00,32,104,40,25,24
Mumbai,2023-06-25 02:00:00,120,96,56,26,22
Kolkata,2023-06-25 03:00:00,30,12,25,7,42
Kolkata,2023-06-25 04:00:00,40,77,23,22,12
Bangalore,2023-06-25 05:00:00,67,88,26,5,22
Delhi,2023-06-25 06:00:00,17,177,28,64,46
Delhi,2023-06-25 07:00:00,46,120,56,13,10
Chennai,2023-06-25 08:00:00,71,159,16,58,19
Bangalore,2023-06-25 09:00:00,48,116,27,30,6
Kolkata,2023-06-25 10:00:00,56,57,5,40,18
Delhi,2023-06-25 11:00:00,41,95,60,21,8
Kolkata,2023-06-25 12:00:00,6,100,65,33,30
Delhi,2023-06-25 13:00:00,71,47,33,41,19
Delhi,2023-06-25 14:00:00,121,72,34,41,6
Delhi,2023-06-25 15:00:00,60,80,49,43,28
Bangalore,2023-06-25 16:00:00,67,162,69,23,20
Mumbai,2023-06-25 17:00:00,84,10,48,21,29
Kolkata,2023-06-25 18:00:00,15,144,26,5,4
Bangalore,2023-06-25 19:00:00,119,47,7,39,22
Bangalore,2023-06-25 20:00:00,67,28,17,49,27
Bangalore,2023-06-25 21:00:00,117,143,41,59,12
Bangalore,2023-06-25 22:00:00,34,122,26,35,2
Bangalore,2023-06-25 23:00:00,123,146,43,16,17
Chennai,2023-06-26 00:00:00,87,126,28,5,32
Kolkata,2023-06-26 01:00:00,79,182,18,48,31
Bangalore,2023-06-26 02:00:00,68,115,16,5,12
Kolkata,2023-06-26 03:00:00,51,82,71,23,2
Chennai,2023-06-26 04:00:00,102,105,57,25,12
Chennai,2023-06-26 05:00:00,64,145,74,28,12
Kolkata,2023-06-26 06:00:00,5,54,50,30,23
Delhi,2023-06-26 07:00:00,20,60,31,32,16
Mumbai,2023-06-26 08:00:00,53,76,66,5,8
Delhi,2023-06-26 09:00:00,70,10,39,30,31
Delhi,2023-06-26 10:00:00,58,96,44,5,19
Delhi,2023-06-26 11:00:00,102,10,39,43,23
Bangalore,2023-06-26 12:00:00,5,92,5,20,1
Chennai,2023-06-26 13:00:00,65,128,72,5,1
Delhi,2023-06-26 14:00:00,5,68,49,15,1
Chennai,2023-06-26 15:00:00,86,165,46,19,12
Kolkata,2023-06-26 16:00:00,56,24,38,51,24
Mumbai,2023-06-26 17:00:00,74,143,43,33,1
Kolkata,2023-06-26 18:00:00,29,120,28,36,37
Kolkata,2023-06-26 19:00:00,104,12,52,51,20
Bangalore,2023-06-26 20:00:00,96,211,13,28,34
Mumbai,2023-06-26 21:00:00,80,87,43,43,7
Kolkata,2023-06-26 22:00:00,55,50,51,42,24
Kolkata,2023-06-26 23:00:00,80,26,36,6,19
Mumbai,2023-06-27 00:00:00,35,80,47,56,27
Mumbai,2023-06-27 01:00:00,89,84,20,5,15
Kolkata,2023-06-27 02:00:00,117,94,20,46,23
Mumbai,2023-06-27 03:00:00,97,76,44,5,31
Kolkata,2023-06-27 04:00:00,34,118,53,40,10
Kolkata,2023-06-27 05:00:00,72,72,5,63,20
Bangalore,2023-06-27 06:00:00,14,10,50,26,1
Delhi,2023-06-27 07:00:00,80,83,29,25,26
Kolkata,2023-06-27 08:00:00,75,10,36,40,41
Chennai,2023-06-27 09:00:00,5,105,13,24,3
Delhi,2023-06-27 10:00:00,19,45,22,62,16
Delhi,2023-06-27 11:00:00,50,97,59,33,28
Delhi,2023-06-27 12:00:00,49,149,40,24,18
Bangalore,2023-06-27 13:00:00,17,47,32,20,19
Kolkata,2023-06-27 14:00:00,73,137,37,13,13
Bangalore,2023-06-27 15:00:00,68,70,49,18,12
Kolkata,2023-06-27 16:00:00,53,168,48,23,16
Bangalore,2023-06-27 17:00:00,33,73,38,21,18
Bangalore,2023-06-27 18:00:00,96,52,61,18,3
Chennai,2023-06-27 19:00:00,117,120,59,67,17
Bangalore,2023-06-27 20:00:00,43,70,48,11,36
Mumbai,2023-06-27 21:00:00,38,52,41,32,12
Chennai,2023-06-27 22:00:00,77,68,53,40,3
Bangalore,2023-06-27 23:00:00,47,87,46,41,16
Delhi,2023-06-28 00:00:00,55,150,61,28,9
Mumbai,2023-06-28 01:00:00,85,10,57,25,1
Mumbai,2023-06-28 02:00:00,5,91,19,38,19
Mumbai,2023-06-28 03:00:00,106,118,18,34,9
Chennai,2023-06-28 04:00:00,62,98,25,25,10
Bangalore,2023-06-28 05:00:00,45,148,59,5,19
Bangalore,2023-06-28 06:00:00,56,86,8,21,1
Delhi,2023-06-28 07:00:00,58,81,47,9,1
Delhi,2023-06-28 08:00:00,5,116,47,17,26
Mumbai,2023-06-28 09:00:00,112,94,63,30,1
Delhi,2023-06-28 10:00:00,61,72,43,36,6
Chennai,2023-06-28 11:00:00,75,113,13,62,1
Bangalore,2023-06-28 12:00:00,93,60,20,20,12
Mumbai,2023-06-28 13:00:00,24,62,16,43,23
Delhi,2023-06-28 14:00:00,76,66,29,35,19
Chennai,2023-06-28 15:00:00,50,150,36,53,46
Chennai,2023-06-28 16:00:00,89,10,16,40,31
Delhi,2023-06-28 17:00:00,5,107,69,11,6
Bangalore,2023-06-28 18:00:00,56,91,13,5,3
Delhi,2023-06-28 19:00:00,38,14,66,35,50
Mumbai,2023-06-28 20:00:00,75,103,63,20,30
Delhi,2023-06-28 21:00:00,76,111,57,12,25
Chennai,2023-06-28 22:00:00,35,116,26,7,18
Delhi,2023-06-28 23:00:00,35,10,46,32,21
Bangalore,2023-06-29 00:00:00,56,151,14,57,1
Kolkata,2023-06-29 01:00:00,28,56,58,22,19
Delhi,2023-06-29 02:00:00,89,120,38,40,18
Bangalore,2023-06-29 03:00:00,47,123,31,28,7
Bangalore,2023-06-29 04:00:00,5,50,15,6,11
Chennai,2023-06-29 05:00:00,46,119,5,43,36
Bangalore,2023-06-29 06:00:00,23,72,19,10,16
Bangalore,2023-06-29 07:00:00,5,10,62,30,42
Bangalore,2023-06-29 08:00:00,16,142,31,23,1
Bangalore,2023-06-29 09:00:00,63,55,36,46,11
Mumbai,2023-06-29 10:00:00,106,51,53,10,1
Mumbai,2023-06-29 11:00:00,70,71,76,37,3
Chennai,2023-06-29 12:00:00,38,102,66,14,8
Delhi,2023-06-29 13:00:00,75,87,20,20,21
Bangalore,2023-06-29 14:00:00,43,114,5,5,21
Delhi,2023-06-29 15:00:00,35,29,87,67,9
Delhi,2023-06-29 16:00:00,19,56,85,39,1
Chennai,2023-06-29 17:00:00,5,84,43,16,35
Bangalore,2023-06-29 18:00:00,46,175,14,9,14
Bangalore,2023-06-29 19:00:00,65,84,59,21,4
Kolkata,2023-06-29 20:00:00,56,138,37,42,21
Delhi,2023-06-29 21:00:00,45,91,37,5,20
Delhi,2023-06-29 22:00:00,26,68,57,27,14
Mumbai,2023-06-29 23:00:00,81,78,46,61,19
Kolkata,2023-06-30 00:00:00,13,82,16,9,4
Mumbai,2023-06-30 01:00:00,87,117,33,31,27
Mumbai,2023-06-30 02:00:00,24,151,53,69,6
Mumbai,2023-06-30 03:00:00,33,106,50,41,10
Chennai,2023-06-30 04:00:00,8,143,45,32,25
Chennai,2023-06-30 05:00:00,42,46,58,39,32
Mumbai,2023-06-30 06:00:00,94,71,32,22,37
Kolkata,2023-06-30 07:00:00,78,57,43,53,30
Delhi,2023-06-30 08:00:00,94,104,5,22,14
Kolkata,2023-06-30 09:00:00,78,73,31,5,1
Bangalore,2023-06-30 10:00:00,21,122,55,22,34
Chennai,2023-06-30 11:00:00,48,48,32,12,34
Delhi,2023-06-30 12:00:00,32,91,30,24,9
Delhi,2023-06-30 13:00:00,106,120,19,25,29
Bangalore,2023-06-30 14:00:00,18,10,60,51,14
Bangalore,2023-06-30 15:00:00,91,185,50,42,36
Mumbai,2023-06-30 16:00:00,91,77,56,34,11
Chennai,2023-06-30 17:00:00,124,10,5,29,41
Chennai,2023-06-30 18:00:00,45,97,36,10,27
Kolkata,2023-06-30 19:00:00,84,91,34,5,39
Mumbai,2023-06-30 20:00:00,139,86,34,32,12
Mumbai,2023-06-30 21:00:00,38,134,27,44,22
Mumbai,2023-06-30 22:00:00,6,123,33,28,6
Mumbai,2023-06-30 23:00:00,5,103,56,20,28
Chennai,2023-07-01 00:00:00,84,110,5,38,28
Chennai,2023-07-01 01:00:00,5,85,75,28,46
Mumbai,2023-07-01 02:00:00,46,169,49,60,23
Kolkata,2023-07-01 03:00:00,75,23,39,52,26
Delhi,2023-07-01 04:00:00,66,96,58,47,12
Delhi,2023-07-01 05:00:00,74,92,10,43,24
Kolkata,2023-07-01 06:00:00,67,126,26,6,13
Mumbai,2023-07-01 07:00:00,104,52,37,41,19
Chennai,2023-07-01 08:00:00,26,11,67,36,20
Delhi,2023-07-01 09:00:00,36,97,39,40,13
Bangalore,2023-07-01 10:00:00,32,102,49,38,18
Bangalore,2023-07-01 11:00:00,89,157,28,38,13
Kolkata,2023-07-01 12:00:00,91,32,49,78,13
Mumbai,2023-07-01 13:00:00,75,141,73,28,30
Delhi,2023-07-01 14:00:00,101,196,59,46,20
Mumbai,2023-07-01 15:00:00,18,73,38,21,22
Delhi,2023-07-01 16:00:00,118,31,53,44,1
Kolkata,2023-07-01 17:00:00,113,71,51,46,23
Kolkata,2023-07-01 18:00:00,85,90,50,36,24
Bangalore,2023-07-01 19:00:00,122,115,62,60,13
Mumbai,2023-07-01 20:00:00,5,63,62,14,43
Bangalore,2023-07-01 21:00:00,41,159,37,21,1
Mumbai,2023-07-01 22:00:00,34,39,52,33,27
Bangalore,2023-07-01 23:00:00,85,11,32,45,26
Chennai,2023-07-02 00:00:00,23,139,21,33,24
Chennai,2023-07-02 01:00:00,86,10,34,53,20
Chennai,2023-07-02 02:00:00,107,80,38,18,24
Chennai,2023-07-02 03:00:00,84,230,6,9,28
Delhi,2023-07-02 04:00:00,69,89,57,35,9
Chennai,2023-07-02 05:00:00,25,39,5,28,21
Kolkata,2023-07-02 06:00:00,30,87,94,39,15
Kolkata,2023-07-02 07:00:00,103,87,70,29,4
Delhi,2023-07-02 08:00:00,87,97,34,23,26
Chennai,2023-07-02 09:00:00,58,119,40,28,11
Chennai,2023-07-02 10:00:00,45,43,46,30,1
Chennai,2023-07-02 11:00:00,5,165,28,24,11
Bangalore,2023-07-02 12:00:00,22,101,43,26,8
Mumbai,2023-07-02 13:00:00,126,122,37,22,30
Bangalore,2023-07-02 14:00:00,15,61,38,45,19
Mumbai,2023-07-02 15:00:00,66,147,43,33,34
Chennai,2023-07-02 16:00:00,95,78,13,70,10
Chennai,2023-07-02 17:00:00,16,102,40,32,28
Bangalore,2023-07-02 18:00:00,66,48,43,20,52
Bangalore,2023-07-02 19:00:00,92,45,42,78,22
Mumbai,2023-07-02 20:00:00,60,120,35,37,28
Kolkata,2023-07-02 21:00:00,160,70,62,47,26
Mumbai,2023-07-02 22:00:00,5,51,32,40,1
Bangalore,2023-07-02 23:00:00,97,61,44,41,25
Bangalore,2023-07-03 00:00:00,53,121,65,39,21
Delhi,2023-07-03 01:00:00,87,61,38,10,14
Bangalore,2023-07-03 02:00:00,75,84,44,36,7
Delhi,2023-07-03 03:00:00,34,90,38,6,26
Kolkata,2023-07-03 04:00:00,68,10,64,26,6
Mumbai,2023-07-03 05:00:00,5,23,34,16,43
Mumbai,2023-07-03 06:00:00,81,105,65,36,19
Delhi,2023-07-03 07:00:00,70,56,37,36,3
Mumbai,2023-07-03 08:00:00,82,137,22,38,11
Bangalore,2023-07-03 09:00:00,97,133,53,35,14
Chennai,2023-07-03 10:00:00,72,122,33,19,46
Delhi,2023-07-03 11:00:00,65,171,52,25,7
Mumbai,2023-07-03 12:00:00,29,86,5,46,16
Delhi,2023-07-03 13:00:00,35,119,40,49,11
Delhi,2023-07-03 14:00:00,101,63,30,9,23
Chennai,2023-07-03 15:00:00,110,200,18,5,11
Bangalore,2023-07-03 16:00:00,51,179,28,16,4
Delhi,2023-07-03 17:00:00,61,90,28,48,15
Mumbai,2023-07-03 18:00:00,28,107,39,51,14
Kolkata,2023-07-03 19:00:00,101,151,12,13,10
Delhi,2023-07-03 20:00:00,83,83,46,35,11
Delhi,2023-07-03 21:00:00,127,60,67,63,32
Chennai,2023-07-03 22:00:00,29,129,45,37,14
Bangalore,2023-07-03 23:00:00,46,93,56,55,4
Kolkata,2023-07-04 00:00:00,68,98,61,47,12
Mumbai,2023-07-04 01:00:00,82,52,64,13,18
Kolkata,2023-07-04 02:00:00,52,12,77,26,1
Mumbai,2023-07-04 03:00:00,29,100,30,30,37
Bangalore,2023-07-04 04:00:00,90,130,25,31,28
Mumbai,2023-07-04 05:00:00,85,79,55,46,35
Chennai,2023-07-04 06:00:00,27,154,54,37,22
Chennai,2023-07-04 07:00:00,107,58,55,5,1
Chennai,2023-07-04 08:00:00,100,42,77,6,36
Chennai,2023-07-04 09:00:00,64,86,40,5,7
Kolkata,2023-07-04 10:00:00,62,86,48,33,8
Bangalore,2023-07-04 11:00:00,79,124,20,34,19
Mumbai,2023-07-04 12:00:00,29,55,82,35,34
Mumbai,2023-07-04 13:00:00,61,151,33,12,30
Chennai,2023-07-04 14:00:00,5,178,33,42,28
Chennai,2023-07-04 15:00:00,90,88,33,42,14
Delhi,2023-07-04 16:00:00,5,146,27,7,14
Bangalore,2023-07-04 17:00:00,112,42,25,5,22
Kolkata,2023-07-04 18:00:00,48,138,29,29,16
Mumbai,2023-07-04 19:00:00,52,137,12,62,28
Delhi,2023-07-04 20:00:00,38,128,24,60,27
Delhi,2023-07-04 21:00:00,49,89,78,40,25
Mumbai,2023-07-04 22:00:00,109,10,54,16,1
Kolkata,2023-07-04 23:00:00,5,61,58,45,19
Delhi,2023-07-05 00:00:00,104,61,63,21,16
Delhi,2023-07-05 01:00:00,71,45,76,16,20
Bangalore,2023-07-05 02:00:00,17,95,5,5,8
Kolkata,2023-07-05 03:00:00,22,71,15,31,2
Delhi,2023-07-05 04:00:00,118,52,23,18,23
Kolkata,2023-07-05 05:00:00,26,42,30,31,13
Mumbai,2023-07-05 06:00:00,19,57,33,5,24
Chennai,2023-07-05 07:00:00,99,140,31,33,9
Delhi,2023-07-05 08:00:00,71,60,44,5,34
Bangalore,2023-07-05 09:00:00,27,66,40,49,30
Mumbai,2023-07-05 10:00:00,67,69,25,39,21
Kolkata,2023-07-05 11:00:00,24,105,5,24,15
Mumbai,2023-07-05 12:00:00,98,110,20,40,28
Delhi,2023-07-05 13:00:00,97,10,29,12,22
Kolkata,2023-07-05 14:00:00,78,135,35,31,20
Chennai,2023-07-05 15:00:00,72,154,17,44,30
Mumbai,2023-07-05 16:00:00,121,42,30,5,35
Delhi,2023-07-05 17:00:00,59,46,17,21,2
Bangalore,2023-07-05 18:00:00,18,69,37,29,5
Kolkata,2023-07-05 19:00:00,75,55,18,26,8
Mumbai,2023-07-05 20:00:00,133,100,23,56,1
Mumbai,2023-07-05 21:00:00,24,10,13,9,17
Chennai,2023-07-05 22:00:00,47,39,36,18,25
Chennai,2023-07-05 23:00:00,74,159,22,5,17
Bangalore,2023-07-06 00:00:00,58,48,58,57,11
Bangalore,2023-07-06 01:00:00,25,145,48,25,31
Delhi,2023-07-06 02:00:00,99,105,38,22,19
Delhi,2023-07-06 03:00:00,141,10,24,29,22
Bangalore,2023-07-06 04:00:00,66,118,47,41,31
Bangalore,2023-07-06 05:00:00,28,84,53,36,16
Kolkata,2023-07-06 06:00:00,5,69,42,77,42
Chennai,2023-07-06 07:00:00,69,101,72,38,12
Delhi,2023-07-06 08:00:00,98,111,49,21,41
Chennai,2023-07-06 09:00:00,76,121,58,19,6
Chennai,2023-07-06 10:00:00,59,143,42,22,24
Bangalore,2023-07-06 11:00:00,39,108,53,5,10
Kolkata,2023-07-06 12:00:00,21,28,24,30,31
Mumbai,2023-07-06 13:00:00,89,68,30,44,12
Kolkata,2023-07-06 14:00:00,91,222,46,18,21
Kolkata,2023-07-06 15:00:00,5,122,46,15,10
Chennai,2023-07-06 16:00:00,115,196,50,57,29
Kolkata,2023-07-06 17:00:00,80,152,62,5,10
Delhi,2023-07-06 18:00:00,108,100,11,5,38
Chennai,2023-07-06 19:00:00,13,103,20,9,6
Delhi,2023-07-06 20:00:00,12,88,44,5,1
Mumbai,2023-07-06 21:00:00,54,11,25,36,29
Chennai,2023-07-06 22:00:00,77,90,107,23,10
Mumbai,2023-07-06 23:00:00,122,144,50,26,17
Chennai,2023-07-07 00:00:00,84,63,38,50,14
Bangalore,2023-07-07 01:00:00,51,108,29,17,2
Kolkata,2023-07-07 02:00:00,24,128,30,43,17
Bangalore,2023-07-07 03:00:00,103,49,40,57,33
Mumbai,2023-07-07 04:00:00,26,69,42,21,30
Kolkata,2023-07-07 05:00:00,116,44,30,43,20
Chennai,2023-07-07 06:00:00,50,53,34,25,31
Kolkata,2023-07-07 07:00:00,115,32,66,46,5
Delhi,2023-07-07 08:00:00,83,49,67,5,14
Kolkata,2023-07-07 09:00:00,55,153,45,5,22
Delhi,2023-07-07 10:00:00,41,48,13,22,16
Kolkata,2023-07-07 11:00:00,48,95,50,13,15
Delhi,2023-07-07 12:00:00,74,67,71,20,3
Mumbai,2023-07-07 13:00:00,62,143,67,26,1
Bangalore,2023-07-07 14:00:00,39,149,54,42,27
Chennai,2023-07-07 15:00:00,54,128,68,22,20
Kolkata,2023-07-07 16:00:00,62,103,41,15,28
Bangalore,2023-07-07 17:00:00,5,79,52,23,12
Chennai,2023-07-07 18:00:00,76,36,26,16,9
Chennai,2023-07-07 19:00:00,25,177,45,13,18
Delhi,2023-07-07 20:00:00,19,55,66,5,28
Mumbai,2023-07-07 21:00:00,5,119,28,31,15
Mumbai,2023-07-07 22:00:00,5,137,22,19,27
Bangalore,2023-07-07 23:00:00,12,65,41,47,5
Mumbai,2023-07-08 00:00:00,35,136,35,5,16
Kolkata,2023-07-08 01:00:00,128,124,52,20,17
Mumbai,2023-07-08 02:00:00,41,167,30,62,32
Bangalore,2023-07-08 03:00:00,66,68,74,13,20
Mumbai,2023-07-08 04:00:00,74,32,14,25,38
Kolkata,2023-07-08 05:00:00,64,67,65,8,1
Delhi,2023-07-08 06:00:00,57,99,24,5,19
Bangalore,2023-07-08 07:00:00,18,92,5,57,20
Delhi,2023-07-08 08:00:00,110,72,44,33,25
Delhi,2023-07-08 09:00:00,123,10,34,32,8
Delhi,2023-07-08 10:00:00,5,111,17,5,38
Chennai,2023-07-08 11:00:00,24,178,6,36,18
Chennai,2023-07-08 12:00:00,50,110,39,50,4
Delhi,2023-07-08 13:00:00,26,117,59,50,17
Bangalore,2023-07-08 14:00:00,77,115,51,42,14
Kolkata,2023-07-08 15:00:00,34,107,41,9,51
Kolkata,2023-07-08 16:00:00,135,131,49,35,30
Mumbai,2023-07-08 17:00:00,101,107,39,42,18
Bangalore,2023-07-08 18:00:00,67,75,11,5,16
Chennai,2023-07-08 19:00:00,95,54,11,9,29
Delhi,2023-07-08 20:00:00,98,78,35,45,29
Mumbai,2023-07-08 21:00:00,40,104,36,45,1
Kolkata,2023-07-08 22:00:00,31,75,57,5,25
Chennai,2023-07-08 23:00:00,62,104,55,44,18
Chennai,2023-07-09 00:00:00,90,109,52,31,2
Delhi,2023-07-09 01:00:00,64,127,34,44,28
Kolkata,2023-07-09 02:00:00,5,147,12,18,44
Bangalore,2023-07-09 03:00:00,31,93,48,41,24
Chennai,2023-07-09 04:00:00,57,31,50,45,31
Delhi,2023-07-09 05:00:00,57,74,5,23,39
Bangalore,2023-07-09 06:00:00,129,91,23,30,8
Kolkata,2023-07-09 07:00:00,11,10,26,18,1
Chennai,2023-07-09 08:00:00,77,152,42,59,25
Bangalore,2023-07-09 09:00:00,112,96,23,27,15
Bangalore,2023-07-09 10:00:00,139,107,39,13,1
Bangalore,2023-07-09 11:00:00,45,151,35,17,17
Chennai,2023-07-09 12:00:00,77,61,36,32,26
Chennai,2023-07-09 13:00:00,79,115,25,43,16
Mumbai,2023-07-09 14:00:00,66,85,27,5,8
Kolkata,2023-07-09 15:00:00,56,81,18,63,15
Delhi,2023-07-09 16:00:00,75,55,47,35,17
Bangalore,2023-07-09 17:00:00,5,164,51,38,1
Mumbai,2023-07-09 18:00:00,83,73,24,28,16
Delhi,2023-07-09 19:00:00,64,121,70,30,1
Mumbai,2023-07-09 20:00:00,52,10,33,27,25
Chennai,2023-07-09 21:00:00,131,143,70,48,1
Bangalore,2023-07-09 22:00:00,36,137,27,29,30
Delhi,2023-07-09 23:00:00,45,94,5,43,13
Delhi,2023-07-10 00:00:00,129,79,48,22,11
Delhi,2023-07-10 01:00:00,30,108,44,33,21
Delhi,2023-07-10 02:00:00,40,192,40,15,7
Delhi,2023-07-10 03:00:00,54,10,27,51,21
Mumbai,2023-07-10 04:00:00,89,125,39,14,9
Bangalore,2023-07-10 05:00:00,67,48,29,24,11
Chennai,2023-07-10 06:00:00,14,89,33,24,22
Chennai,2023-07-10 07:00:00,41,78,56,23,4
Chennai,2023-07-10 08:00:00,38,70,43,43,2
Chennai,2023-07-10 09:00:00,57,89,52,24,20
Mumbai,2023-07-10 10:00:00,74,38,35,55,17
Kolkata,2023-07-10 11:00:00,74,136,33,15,20
Bangalore,2023-07-10 12:00:00,5,10,16,33,21
Delhi,2023-07-10 13:00:00,97,114,32,16,18
Kolkata,2023-07-10 14:00:00,68,75,5,37,25
Chennai,2023-07-10 15:00:00,108,37,28,29,19
Kolkata,2023-07-10 16:00:00,75,99,38,27,1
Bangalore,2023-07-10 17:00:00,98,19,51,51,1
Delhi,2023-07-10 18:00:00,76,91,34,18,41
Delhi,2023-07-10 19:00:00,107,25,46,40,18
Bangalore,2023-07-10 20:00:00,78,110,5,16,29
Bangalore,2023-07-10 21:00:00,56,48,38,32,13
Chennai,2023-07-10 22:00:00,139,69,6,8,17
Delhi,2023-07-10 23:00:00,91,103,15,18,12
Kolkata,2023-07-11 00:00:00,80,55,36,28,47
Mumbai,2023-07-11 01:00:00,15,87,65,62,21
Mumbai,2023-07-11 02:00:00,14,21,47,31,11
Bangalore,2023-07-11 03:00:00,70,118,40,59,1
Chennai,2023-07-11 04:00:00,65,169,39,33,41
Mumbai,2023-07-11 05:00:00,38,215,25,23,16
Delhi,2023-07-11 06:00:00,64,94,29,57,26
Bangalore,2023-07-11 07:00:00,115,125,48,37,28
Kolkata,2023-07-11 08:00:00,84,10,12,18,12
Bangalore,2023-07-11 09:00:00,20,157,51,38,26
Kolkata,2023-07-11 10:00:00,56,124,32,24,10
Bangalore,2023-07-11 11:00:00,31,68,56,5,6
Bangalore,2023-07-11 12:00:00,46,145,59,46,31
Bangalore,2023-07-11 13:00:00,45,78,6,49,16
Kolkata,2023-07-11 14:00:00,43,69,28,63,24
Kolkata,2023-07-11 15:00:00,16,111,22,37,22
Bangalore,2023-07-11 16:00:00,55,42,5,25,25
Mumbai,2023-07-11 17:00:00,40,135,19,45,1
Chennai,2023-07-11 18:00:00,5,42,88,45,10
Chennai,2023-07-11 19:00:00,131,42,52,59,14
Chennai,2023-07-11 20:00:00,98,49,78,29,8
Kolkata,2023-07-11 21:00:00,46,124,56,27,23
Kolkata,2023-07-11 22:00:00,60,62,25,17,32
Mumbai,2023-07-11 23:00:00,18,29,32,39,34
Chennai,2023-07-12 00:00:00,119,62,51,5,13
Chennai,2023-07-12 01:00:00,126,88,48,43,21
Bangalore,2023-07-12 02:00:00,65,36,28,40,23
Kolkata,2023-07-12 03:00:00,95,38,9,40,25
Chennai,2023-07-12 04:00:00,66,185,105,32,7
Mumbai,2023-07-12 05:00:00,13,51,37,57,39
Mumbai,2023-07-12 06:00:00,45,75,33,45,29
Chennai,2023-07-12 07:00:00,64,73,42,19,29
Kolkata,2023-07-12 08:00:00,44,71,35,19,32
Mumbai,2023-07-12 09:00:00,52,117,42,14,24
Bangalore,2023-07-12 10:00:00,56,132,65,39,5
Mumbai,2023-07-12 11:00:00,57,76,37,11,16
Delhi,2023-07-12 12:00:00,61,34,16,49,1
Delhi,2023-07-12 13:00:00,22,147,36,53,22
Kolkata,2023-07-12 14:00:00,34,85,30,14,15
Chennai,2023-07-12 15:00:00,15,167,68,26,17
Kolkata,2023-07-12 16:00:00,94,10,63,30,32
Kolkata,2023-07-12 17:00:00,5,98,42,45,12
Kolkata,2023-07-12 18:00:00,100,176,14,58,14
Kolkata,2023-07-12 19:00:00,108,74,15,5,18
Bangalore,2023-07-12 20:00:00,49,79,40,24,1
Bangalore,2023-07-12 21:00:00,5,103,46,25,14
Mumbai,2023-07-12 22:00:00,47,64,32,5,1
Delhi,2023-07-12 23:00:00,57,75,30,21,10
Kolkata,2023-07-13 00:00:00,24,74,28,37,28
Mumbai,2023-07-13 01:00:00,41,61,39,24,23
Delhi,2023-07-13 02:00:00,113,145,5,5,10
Chennai,2023-07-13 03:00:00,83,110,17,81,18
Bangalore,2023-07-13 04:00:00,27,101,27,34,5
Delhi,2023-07-13 05:00:00,5,126,64,32,17
Chennai,2023-07-13 06:00:00,48,78,23,10,53
Delhi,2023-07-13 07:00:00,52,55,43,34,40
Bangalore,2023-07-13 08:00:00,77,62,44,27,18
Bangalore,2023-07-13 09:00:00,41,90,65,5,19
Mumbai,2023-07-13 10:00:00,77,42,65,10,6
Kolkata,2023-07-13 11:00:00,127,67,38,44,8
Delhi,2023-07-13 12:00:00,88,66,30,64,22
Delhi,2023-07-13 13:00:00,58,185,26,36,11
Chennai,2023-07-13 14:00:00,53,10,35,49,28
Bangalore,2023-07-13 15:00:00,47,81,31,27,36
Delhi,2023-07-13 16:00:00,101,167,51,28,21
Bangalore,2023-07-13 17:00:00,38,95,48,49,19
Delhi,2023-07-13 18:00:00,61,123,51,59,1
Mumbai,2023-07-13 19:00:00,61,94,65,53,26
Kolkata,2023-07-13 20:00:00,42,59,77,10,4
Delhi,2023-07-13 21:00:00,11,10,42,28,12
Bangalore,2023-07-13 22:00:00,71,99,61,34,29
Mumbai,2023-07-13 23:00:00,57,55,32,25,30
Delhi,2023-07-14 00:00:00,77,53,63,36,12
Chennai,2023-07-14 01:00:00,41,67,61,44,13
Kolkata,2023-07-14 02:00:00,102,168,60,48,9
Delhi,2023-07-14 03:00:00,29,198,41,60,3
Mumbai,2023-07-14 04:00:00,119,99,26,24,10
Chennai,2023-07-14 05:00:00,5,69,12,5,1
Mumbai,2023-07-14 06:00:00,75,37,39,36,26
Mumbai,2023-07-14 07:00:00,76,111,70,63,22
Chennai,2023-07-14 08:00:00,32,170,33,21,24
Mumbai,2023-07-14 09:00:00,74,78,55,42,6
Chennai,2023-07-14 10:00:00,104,10,56,42,3
Delhi,2023-07-14 11:00:00,5,120,34,33,18
Chennai,2023-07-14 12:00:00,77,134,66,30,18
Chennai,2023-07-14 13:00:00,5,18,5,13,16
Kolkata,2023-07-14 14:00:00,26,97,15,5,14
Chennai,2023-07-14 15:00:00,117,110,21,9,38
Chennai,2023-07-14 16:00:00,39,86,23,22,23
Delhi,2023-07-14 17:00:00,18,54,46,49,41
Kolkata,2023-07-14 18:00:00,53,135,45,28,33
Bangalore,2023-07-14 19:00:00,132,71,47,20,38
Delhi,2023-07-14 20:00:00,5,23,51,13,5
Delhi,2023-07-14 21:00:00,23,10,20,41,25
Bangalore,2023-07-14 22:00:00,112,146,15,54,12
Chennai,2023-07-14 23:00:00,125,117,47,49,1
Mumbai,2023-07-15 00:00:00,56,93,27,40,35
Kolkata,2023-07-15 01:00:00,16,70,8,5,14
Mumbai,2023-07-15 02:00:00,133,66,59,23,5
Bangalore,2023-07-15 03:00:00,115,41,67,65,13
Delhi,2023-07-15 04:00:00,83,70,71,50,8
Delhi,2023-07-15 05:00:00,31,10,43,5,9
Kolkata,2023-07-15 06:00:00,58,56,52,28,15
Delhi,2023-07-15 07:00:00,54,76,67,36,38
Delhi,2023-07-15 08:00:00,71,117,27,16,10
Kolkata,2023-07-15 09:00:00,110,88,62,5,37
Kolkata,2023-07-15 10:00:00,90,125,45,31,28
Bangalore,2023-07-15 11:00:00,22,150,58,15,22
Delhi,2023-07-15 12:00:00,108,137,43,15,26
Delhi,2023-07-15 13:00:00,70,111,65,23,18
Bangalore,2023-07-15 14:00:00,84,90,44,27,33
Chennai,2023-07-15 15:00:00,111,45,10,29,24
Chennai,2023-07-15 16:00:00,21,123,69,14,1
Chennai,2023-07-15 17:00:00,58,165,21,26,21
Bangalore,2023-07-15 18:00:00,41,105,65,5,27
Delhi,2023-07-15 19:00:00,5,176,38,35,14
Bangalore,2023-07-15 20:00:00,72,21,63,5,19
Bangalore,2023-07-15 21:00:00,147,38,62,24,10
Chennai,2023-07-15 22:00:00,5,128,48,46,1
Mumbai,2023-07-15 23:00:00,58,101,50,10,1
Delhi,2023-07-16 00:00:00,82,149,48,42,1
Chennai,2023-07-16 01:00:00,64,89,5,50,26
Mumbai,2023-07-16 02:00:00,56,50,42,5,1
Mumbai,2023-07-16 03:00:00,14,80,17,27,10
Kolkata,2023-07-16 04:00:00,68,21,43,5,8
Delhi,2023-07-16 05:00:00,33,39,17,27,14
Mumbai,2023-07-16 06:00:00,5,133,16,29,1
Chennai,2023-07-16 07:00:00,101,129,72,5,22
Kolkata,2023-07-16 08:00:00,93,106,61,64,2
Delhi,2023-07-16 09:00:00,61,12,39,35,31
Bangalore,2023-07-16 10:00:00,68,73,43,14,10
Chennai,2023-07-16 11:00:00,97,34,35,56,16
Mumbai,2023-07-16 12:00:00,67,142,51,5,18
Mumbai,2023-07-16 13:00:00,91,63,26,7,20
Chennai,2023-07-16 14:00:00,49,41,59,5,18
Mumbai,2023-07-16 15:00:00,105,91,34,62,12
Kolkata,2023-07-16 16:00:00,71,61,31,35,22
Delhi,2023-07-16 17:00:00,66,156,40,41,23
Kolkata,2023-07-16 18:00:00,15,56,28,35,8
Mumbai,2023-07-16 19:00:00,70,27,46,40,23
Bangalore,2023-07-16 20:00:00,30,10,29,31,32
Delhi,2023-07-16 21:00:00,37,88,49,34,26
Delhi,2023-07-16 22:00:00,31,64,64,31,29
Chennai,2023-07-16 23:00:00,22,25,25,19,20
Chennai,2023-07-17 00:00:00,134,143,37,29,6
Bangalore,2023-07-17 01:00:00,106,120,49,34,8
Delhi,2023-07-17 02:00:00,127,88,31,31,21
Bangalore,2023-07-17 03:00:00,17,151,49,5,29
Chennai,2023-07-17 04:00:00,62,119,51,5,51
Chennai,2023-07-17 05:00:00,14,52,61,49,29
Delhi,2023-07-17 06:00:00,35,43,27,24,3
Kolkata,2023-07-17 07:00:00,27,126,21,40,8
Mumbai,2023-07-17 08:00:00,103,107,33,10,45
Chennai,2023-07-17 09:00:00,46,97,20,5,15
Chennai,2023-07-17 10:00:00,97,51,51,14,18
Kolkata,2023-07-17 11:00:00,81,117,16,25,6
Kolkata,2023-07-17 12:00:00,140,56,86,18,36
Bangalore,2023-07-17 13:00:00,8,85,65,53,24
Bangalore,2023-07-17 14:00:00,104,155,40,33,8
Mumbai,2023-07-17 15:00:00,100,60,57,63,6
Mumbai,2023-07-17 16:00:00,25,19,7,37,21
Delhi,2023-07-17 17:00:00,95,42,90,5,18
Bangalore,2023-07-17 18:00:00,71,134,28,49,27
Chennai,2023-07-17 19:00:00,52,101,37,5,24
Bangalore,2023-07-17 20:00:00,31,84,5,34,14
Chennai,2023-07-17 21:00:00,34,67,49,16,11
Kolkata,2023-07-17 22:00:00,131,111,17,68,16
Bangalore,2023-07-17 23:00:00,60,51,42,55,11
Kolkata,2023-07-18 00:00:00,87,103,29,16,16
Mumbai,2023-07-18 01:00:00,32,57,18,27,18
Mumbai,2023-07-18 02:00:00,32,49,23,34,7
Delhi,2023-07-18 03:00:00,97,61,44,45,25
Bangalore,2023-07-18 04:00:00,12,73,14,30,13
Kolkata,2023-07-18 05:00:00,45,87,25,11,7
Chennai,2023-07-18 06:00:00,61,100,53,17,13
Mumbai,2023-07-18 07:00:00,63,10,92,29,20
Mumbai,2023-07-18 08:00:00,53,53,49,52,18
Chennai,2023-07-18 09:00:00,73,72,21,37,23
Kolkata,2023-07-18 10:00:00,84,157,32,16,28
Kolkata,2023-07-18 11:00:00,85,41,40,41,33
Bangalore,2023-07-18 12:00:00,25,97,33,23,21
Bangalore,2023-07-18 13:00:00,50,157,58,46,5
Delhi,2023-07-18 14:00:00,101,30,44,75,14
Mumbai,2023-07-18 15:00:00,91,107,58,23,5
Bangalore,2023-07-18 16:00:00,11,53,33,44,38
Kolkata,2023-07-18 17:00:00,72,67,66,16,41
Chennai,2023-07-18 18:00:00,5,53,36,27,25
Kolkata,2023-07-18 19:00:00,61,57,20,30,28
Mumbai,2023-07-18 20:00:00,126,212,83,26,21
Kolkata,2023-07-18 21:00:00,26,128,5,74,22
Delhi,2023-07-18 22:00:00,30,139,25,24,1
Mumbai,2023-07-18 23:00:00,86,112,27,40,17
Chennai,2023-07-19 00:00:00,6,17,90,5,7
Delhi,2023-07-19 01:00:00,37,107,76,37,21
Mumbai,2023-07-19 02:00:00,80,138,69,50,17
Chennai,2023-07-19 03:00:00,37,51,33,20,41
Delhi,2023-07-19 04:00:00,51,133,88,5,28
Delhi,2023-07-19 05:00:00,86,121,47,29,21
Mumbai,2023-07-19 06:00:00,74,173,59,30,14
Bangalore,2023-07-19 07:00:00,69,71,43,43,38
Delhi,2023-07-19 08:00:00,48,40,39,66,17
Delhi,2023-07-19 09:00:00,72,73,34,23,21
Chennai,2023-07-19 10:00:00,55,154,35,14,18
Kolkata,2023-07-19 11:00:00,76,10,52,8,13
Mumbai,2023-07-19 12:00:00,42,10,47,33,18
Mumbai,2023-07-19 13:00:00,53,94,39,38,1
Bangalore,2023-07-19 14:00:00,25,70,70,20,1
Bangalore,2023-07-19 15:00:00,58,90,5,44,22
Mumbai,2023-07-19 16:00:00,31,132,50,38,36
Bangalore,2023-07-19 17:00:00,21,65,54,30,22
Chennai,2023-07-19 18:00:00,69,10,62,13,9
Mumbai,2023-07-19 19:00:00,67,182,38,21,1
Bangalore,2023-07-19 20:00:00,87,45,44,5,27
Mumbai,2023-07-19 21:00:00,44,42,59,34,11
Kolkata,2023-07-19 22:00:00,74,139,69,30,25
Delhi,2023-07-19 23:00:00,79,72,33,33,22
Mumbai,2023-07-20 00:00:00,75,87,45,39,23
Delhi,2023-07-20 01:00:00,31,111,73,36,18
Bangalore,2023-07-20 02:00:00,65,138,5,28,22
Delhi,2023-07-20 03:00:00,72,74,26,30,16
Mumbai,2023-07-20 04:00:00,60,158,69,5,10
Kolkata,2023-07-20 05:00:00,5,10,61,19,6
Bangalore,2023-07-20 06:00:00,65,124,50,30,1
Mumbai,2023-07-20 07:00:00,137,52,31,16,15
Bangalore,2023-07-20 08:00:00,47,151,22,45,36
Chennai,2023-07-20 09:00:00,34,96,28,18,26
Delhi,2023-07-20 10:00:00,73,59,70,33,20
Chennai,2023-07-20 11:00:00,70,119,27,32,9
Mumbai,2023-07-20 12:00:00,101,130,42,43,29
Kolkata,2023-07-20 13:00:00,15,118,24,46,16
Bangalore,2023-07-20 14:00:00,85,43,56,42,36
Delhi,2023-07-20 15:00:00,80,68,29,5,6
Bangalore,2023-07-20 16:00:00,55,89,38,51,9
Mumbai,2023-07-20 17:00:00,71,88,6,57,7
Bangalore,2023-07-20 18:00:00,96,123,7,21,1
Delhi,2023-07-20 19:00:00,90,10,40,34,6
Mumbai,2023-07-20 20:00:00,19,105,13,13,19
Bangalore,2023-07-20 21:00:00,88,76,82,5,9
Kolkata,2023-07-20 22:00:00,57,52,5,16,1
Mumbai,2023-07-20 23:00:00,62,56,23,20,30
Mumbai,2023-07-21 00:00:00,62,80,40,23,1
Kolkata,2023-07-21 01:00:00,54,10,32,12,25
Chennai,2023-07-21 02:00:00,101,58,17,16,18
Delhi,2023-07-21 03:00:00,57,50,20,29,43
Chennai,2023-07-21 04:00:00,20,113,20,16,29
Bangalore,2023-07-21 05:00:00,46,53,34,39,11
Kolkata,2023-07-21 06:00:00,66,80,79,42,9
Chennai,2023-07-21 07:00:00,103,159,41,72,36
Mumbai,2023-07-21 08:00:00,81,134,63,50,1
Bangalore,2023-07-21 09:00:00,30,130,50,34,20
Bangalore,2023-07-21 10:00:00,146,67,62,18,16
Chennai,2023-07-21 11:00:00,69,114,5,35,13
Chennai,2023-07-21 12:00:00,104,79,33,35,22
Kolkata,2023-07-21 13:00:00,54,81,66,20,20
Delhi,2023-07-21 14:00:00,78,108,28,44,23
Chennai,2023-07-21 15:00:00,89,63,75,5,19
Chennai,2023-07-21 16:00:00,102,157,69,25,23
Mumbai,2023-07-21 17:00:00,97,82,30,40,19
Bangalore,2023-07-21 18:00:00,90,117,29,24,10
Delhi,2023-07-21 19:00:00,48,155,19,26,18
Mumbai,2023-07-21 20:00:00,39,136,27,27,9
Kolkata,2023-07-21 21:00:00,71,26,15,14,8
Kolkata,2023-07-21 22:00:00,92,110,48,51,13
Chennai,2023-07-21 23:00:00,52,128,10,11,16
Chennai,2023-07-22 00:00:00,97,130,52,35,18
Kolkata,2023-07-22 01:00:00,110,39,52,37,28
Chennai,2023-07-22 02:00:00,27,60,6,12,12
Delhi,2023-07-22 03:00:00,30,134,70,31,20
Chennai,2023-07-22 04:00:00,55,55,50,13,19
Bangalore,2023-07-22 05:00:00,70,76,54,55,10
Chennai,2023-07-22 06:00:00,41,160,24,9,18
Mumbai,2023-07-22 07:00:00,107,87,52,18,30
Delhi,2023-07-22 08:00:00,74,57,62,7,20
Mumbai,2023-07-22 09:00:00,61,50,38,5,20
Mumbai,2023-07-22 10:00:00,9,104,80,58,9
Bangalore,2023-07-22 11:00:00,13,30,40,39,41
Delhi,2023-07-22 12:00:00,69,78,62,32,10
Delhi,2023-07-22 13:00:00,5,104,45,18,1
Delhi,2023-07-22 14:00:00,95,148,51,46,28
Delhi,2023-07-22 15:00:00,54,120,6,15,16
Delhi,2023-07-22 16:00:00,173,57,47,44,14
Bangalore,2023-07-22 17:00:00,140,143,25,14,11
Chennai,2023-07-22 18:00:00,53,76,23,18,40
Mumbai,2023-07-22 19:00:00,56,34,74,43,22
Delhi,2023-07-22 20:00:00,94,82,35,45,24
Chennai,2023-07-22 21:00:00,119,154,19,40,19
Chennai,2023-07-22 22:00:00,5,97,32,11,21
Mumbai,2023-07-22 23:00:00,5,90,13,21,34
Bangalore,2023-07-23 00:00:00,38,163,68,32,14
Kolkata,2023-07-23 01:00:00,80,25,26,14,1
Kolkata,2023-07-23 02:00:00,77,32,50,54,28
Chennai,2023-07-23 03:00:00,97,17,67,5,23
Mumbai,2023-07-23 04:00:00,18,106,29,15,19
Kolkata,2023-07-23 05:00:00,5,97,50,20,23
Chennai,2023-07-23 06:00:00,90,159,19,5,13
Bangalore,2023-07-23 07:00:00,31,100,88,5,18
Kolkata,2023-07-23 08:00:00,5,71,58,41,16
Chennai,2023-07-23 09:00:00,65,90,36,30,10
Chennai,2023-07-23 10:00:00,87,95,24,58,32
Delhi,2023-07-23 11:00:00,55,14,37,57,1
Bangalore,2023-07-23 12:00:00,43,211,33,37,46
Delhi,2023-07-23 13:00:00,54,113,79,35,28
Mumbai,2023-07-23 14:00:00,47,99,15,31,1
Delhi,2023-07-23 15:00:00,12,117,42,5,15
Delhi,2023-07-23 16:00:00,34,121,39,5,15
Kolkata,2023-07-23 17:00:00,78,83,37,31,22
Chennai,2023-07-23 18:00:00,71,61,37,41,6
Bangalore,2023-07-23 19:00:00,65,116,37,35,18
Delhi,2023-07-23 20:00:00,25,107,57,13,16
Bangalore,2023-07-23 21:00:00,53,53,52,46,9
Delhi,2023-07-23 22:00:00,5,153,48,56,7
Mumbai,2023-07-23 23:00:00,66,103,5,46,29
Delhi,2023-07-24 00:00:00,110,122,45,47,1
Kolkata,2023-07-24 01:00:00,8,152,6,19,23
Chennai,2023-07-24 02:00:00,39,90,52,49,27
Mumbai,2023-07-24 03:00:00,71,104,69,32,15
Delhi,2023-07-24 04:00:00,103,126,21,39,18
Bangalore,2023-07-24 05:00:00,44,57,34,36,31
Mumbai,2023-07-24 06:00:00,35,92,28,27,9
Mumbai,2023-07-24 07:00:00,5,95,64,14,10
Delhi,2023-07-24 08:00:00,63,46,41,28,12
Mumbai,2023-07-24 09:00:00,131,194,74,47,31
Bangalore,2023-07-24 10:00:00,69,26,48,22,33
Mumbai,2023-07-24 11:00:00,59,31,44,46,1
Bangalore,2023-07-24 12:00:00,71,149,41,43,30
Delhi,2023-07-24 13:00:00,59,122,56,24,27
Chennai,2023-07-24 14:00:00,31,43,5,54,36
Mumbai,2023-07-24 15:00:00,88,117,41,23,22
Chennai,2023-07-24 16:00:00,67,156,38,57,17
Bangalore,2023-07-24 17:00:00,60,88,54,37,31
Mumbai,2023-07-24 18:00:00,25,206,36,29,26
Kolkata,2023-07-24 19:00:00,105,12,19,14,44
Chennai,2023-07-24 20:00:00,83,121,40,28,29
Mumbai,2023-07-24 21:00:00,40,142,18,26,19
Chennai,2023-07-24 22:00:00,95,130,5,7,3
Mumbai,2023-07-24 23:00:00,42,80,54,26,11
Delhi,2023-07-25 00:00:00,32,76,51,15,1
Chennai,2023-07-25 01:00:00,33,109,49,40,15
Kolkata,2023-07-25 02:00:00,5,126,66,53,29
Kolkata,2023-07-25 03:00:00,76,117,26,7,17
Bangalore,2023-07-25 04:00:00,5,136,11,60,30
Mumbai,2023-07-25 05:00:00,17,44,38,27,22
Chennai,2023-07-25 06:00:00,5,79,33,12,13
Bangalore,2023-07-25 07:00:00,56,47,23,43,19
Chennai,2023-07-25 08:00:00,54,72,38,21,23
Mumbai,2023-07-25 09:00:00,48,135,27,28,19
Kolkata,2023-07-25 10:00:00,23,94,5,22,19
Delhi,2023-07-25 11:00:00,18,207,31,15,8
Kolkata,2023-07-25 12:00:00,76,98,17,43,12
Bangalore,2023-07-25 13:00:00,40,92,44,24,45
Delhi,2023-07-25 14:00:00,71,94,26,5,32
Bangalore,2023-07-25 15:00:00,29,61,62,39,1
Mumbai,2023-07-25 16:00:00,66,87,72,8,1
Delhi,2023-07-25 17:00:00,105,140,53,9,18
Bangalore,2023-07-25 18:00:00,80,95,8,51,28
Mumbai,2023-07-25 19:00:00,45,54,70,8,11
Kolkata,2023-07-25 20:00:00,69,48,71,5,30
Mumbai,2023-07-25 21:00:00,51,69,40,41,18
Chennai,2023-07-25 22:00:00,60,93,66,24,16
Mumbai,2023-07-25 23:00:00,48,143,28,26,27
Mumbai,2023-07-26 00:00:00,54,29,5,24,11
Chennai,2023-07-26 01:00:00,67,75,24,34,14
Bangalore,2023-07-26 02:00:00,25,96,74,16,26
Bangalore,2023-07-26 03:00:00,24,10,10,56,17
Mumbai,2023-07-26 04:00:00,11,52,39,5,40
Chennai,2023-07-26 05:00:00,5,59,40,38,26
Chennai,2023-07-26 06:00:00,17,54,29,41,25
Kolkata,2023-07-26 07:00:00,65,98,31,16,17
Bangalore,2023-07-26 08:00:00,28,82,41,11,28
Delhi,2023-07-26 09:00:00,77,65,28,48,14
Bangalore,2023-07-26 10:00:00,61,109,11,12,21
Bangalore,2023-07-26 11:00:00,5,167,44,19,7
Kolkata,2023-07-26 12:00:00,82,163,61,45,30
Delhi,2023-07-26 13:00:00,88,10,57,30,21
Kolkata,2023-07-26 14:00:00,25,115,23,5,41
Delhi,2023-07-26 15:00:00,74,81,14,61,46
Mumbai,2023-07-26 16:00:00,30,96,34,20,27
Delhi,2023-07-26 17:00:00,63,72,71,22,18
Kolkata,2023-07-26 18:00:00,15,95,52,34,6
Bangalore,2023-07-26 19:00:00,5,96,54,41,28
Delhi,2023-07-26 20:00:00,46,63,57,65,20
Delhi,2023-07-26 21:00:00,55,49,48,5,24
Chennai,2023-07-26 22:00:00,46,69,42,44,38
Bangalore,2023-07-26 23:00:00,18,100,53,43,8
Mumbai,2023-07-27 00:00:00,46,116,29,27,6
Kolkata,2023-07-27 01:00:00,69,128,11,44,15
Mumbai,2023-07-27 02:00:00,58,67,54,46,27
Bangalore,2023-07-27 03:00:00,66,102,64,5,24
Delhi,2023-07-27 04:00:00,36,133,17,61,7
Delhi,2023-07-27 05:00:00,101,142,56,5,27
Bangalore,2023-07-27 06:00:00,18,87,73,9,3
Delhi,2023-07-27 07:00:00,77,80,39,25,7
Delhi,2023-07-27 08:00:00,101,98,23,64,16
Delhi,2023-07-27 09:00:00,76,38,42,24,11
Kolkata,2023-07-27 10:00:00,52,81,28,29,28
Kolkata,2023-07-27 11:00:00,41,123,27,55,21
Chennai,2023-07-27 12:00:00,96,118,48,24,39
Mumbai,2023-07-27 13:00:00,10,77,7,8,15
Bangalore,2023-07-27 14:00:00,26,99,11,22,16
Bangalore,2023-07-27 15:00:00,46,52,40,54,32
Bangalore,2023-07-27 16:00:00,103,121,39,31,16
Chennai,2023-07-27 17:00:00,73,86,46,64,35
Kolkata,2023-07-27 18:00:00,26,77,77,43,24
Chennai,2023-07-27 19:00:00,49,73,42,18,1
Bangalore,2023-07-27 20:00:00,38,87,51,30,32
Mumbai,2023-07-27 21:00:00,35,69,20,14,28
Delhi,2023-07-27 22:00:00,94,119,55,17,29
Kolkata,2023-07-27 23:00:00,11,72,29,100,1
Kolkata,2023-07-28 00:00:00,116,161,41,48,10
Chennai,2023-07-28 01:00:00,88,155,37,45,10
Kolkata,2023-07-28 02:00:00,98,49,60,18,7
Bangalore,2023-07-28 03:00:00,43,93,13,58,38
Bangalore,2023-07-28 04:00:00,54,60,5,49,17
Chennai,2023-07-28 05:00:00,9,75,35,63,17
Bangalore,2023-07-28 06:00:00,41,180,49,62,24
Mumbai,2023-07-28 07:00:00,77,76,43,5,24
Chennai,2023-07-28 08:00:00,105,106,64,10,1
Mumbai,2023-07-28 09:00:00,21,114,48,11,10
Delhi,2023-07-28 10:00:00,47,44,28,13,1
Mumbai,2023-07-28 11:00:00,54,51,5,35,22
Delhi,2023-07-28 12:00:00,11,35,35,19,14
Delhi,2023-07-28 13:00:00,80,50,60,67,18
Mumbai,2023-07-28 14:00:00,34,10,32,64,1
Chennai,2023-07-28 15:00:00,53,114,40,29,14
Bangalore,2023-07-28 16:00:00,44,182,48,65,31
Bangalore,2023-07-28 17:00:00,32,96,19,56,34
Delhi,2023-07-28 18:00:00,59,26,52,21,26
Delhi,2023-07-28 19:00:00,52,61,72,5,1
Chennai,2023-07-28 20:00:00,46,69,36,26,33
Kolkata,2023-07-28 21:00:00,34,44,17,18,26
Mumbai,2023-07-28 22:00:00,71,128,38,33,16
Delhi,2023-07-28 23:00:00,117,126,5,31,1
Bangalore,2023-07-29 00:00:00,64,38,46,31,29
Chennai,2023-07-29 01:00:00,94,122,49,39,10
Mumbai,2023-07-29 02:00:00,11,158,73,8,22
Chennai,2023-07-29 03:00:00,65,175,36,37,18
Mumbai,2023-07-29 04:00:00,21,218,48,22,36
Mumbai,2023-07-29 05:00:00,8,49,22,33,16
Delhi,2023-07-29 06:00:00,34,217,32,47,17
Chennai,2023-07-29 07:00:00,101,74,9,7,36
Chennai,2023-07-29 08:00:00,93,63,36,24,10
Bangalore,2023-07-29 09:00:00,68,104,33,27,27
Bangalore,2023-07-29 10:00:00,6,63,45,20,15
Delhi,2023-07-29 11:00:00,53,107,27,46,5
Delhi,2023-07-29 12:00:00,70,30,41,17,18
Kolkata,2023-07-29 13:00:00,66,79,33,20,26
Bangalore,2023-07-29 14:00:00,5,147,33,17,34
Mumbai,2023-07-29 15:00:00,28,87,41,49,35
Chennai,2023-07-29 16:00:00,57,96,40,21,14
Delhi,2023-07-29 17:00:00,78,111,55,38,6
Chennai,2023-07-29 18:00:00,5,142,37,65,14
Chennai,2023-07-29 19:00:00,54,15,33,28,3
Kolkata,2023-07-29 20:00:00,65,116,36,50,15
Bangalore,2023-07-29 21:00:00,89,77,25,60,13
Delhi,2023-07-29 22:00:00,84,97,32,48,26
Chennai,2023-07-29 23:00:00,80,137,80,29,1
Delhi,2023-07-30 00:00:00,32,36,21,41,9
Mumbai,2023-07-30 01:00:00,5,44,34,6,9
Kolkata,2023-07-30 02:00:00,46,10,32,15,32
Mumbai,2023-07-30 03:00:00,95,65,35,19,4
Delhi,2023-07-30 04:00:00,108,149,33,70,20
Delhi,2023-07-30 05:00:00,84,84,45,15,16
Bangalore,2023-07-30 06:00:00,75,29,5,15,30
Chennai,2023-07-30 07:00:00,73,68,60,11,25
Chennai,2023-07-30 08:00:00,40,23,52,40,19
Mumbai,2023-07-30 09:00:00,55,39,15,32,11
Kolkata,2023-07-30 10:00:00,118,107,5,49,1
Chennai,2023-07-30 11:00:00,27,37,20,42,20
Bangalore,2023-07-30 12:00:00,116,140,35,5,24
Mumbai,2023-07-30 13:00:00,48,86,91,15,1
Mumbai,2023-07-30 14:00:00,106,93,50,54,3
Bangalore,2023-07-30 15:00:00,10,77,5,26,21
Kolkata,2023-07-30 16:00:00,80,124,26,51,22
Bangalore,2023-07-30 17:00:00,34,125,38,27,6
Kolkata,2023-07-30 18:00:00,10,105,45,12,11
Bangalore,2023-07-30 19:00:00,67,115,13,24,1
Bangalore,2023-07-30 20:00:00,95,80,37,12,34
Delhi,2023-07-30 21:00:00,30,114,25,19,2
Mumbai,2023-07-30 22:00:00,7,74,17,33,24
Bangalore,2023-07-30 23:00:00,56,90,45,39,17
Bangalore,2023-07-31 00:00:00,56,77,55,5,33
Chennai,2023-07-31 01:00:00,79,69,56,29,8
Mumbai,2023-07-31 02:00:00,93,58,51,19,18
Chennai,2023-07-31 03:00:00,57,111,30,18,1
Mumbai,2023-07-31 04:00:00,124,148,54,32,1
Chennai,2023-07-31 05:00:00,67,142,46,20,25
Bangalore,2023-07-31 06:00:00,47,33,42,54,1
Bangalore,2023-07-31 07:00:00,5,148,27,51,15
Delhi,2023-07-31 08:00:00,50,75,30,51,30
Chennai,2023-07-31 09:00:00,48,117,41,21,26
Kolkata,2023-07-31 10:00:00,93,49,88,12,10
Delhi,2023-07-31 11:00:00,76,96,46,31,1
Chennai,2023-07-31 12:00:00,18,104,27,27,24
Chennai,2023-07-31 13:00:00,66,23,23,19,34
Delhi,2023-07-31 14:00:00,83,117,30,8,10
Bangalore,2023-07-31 15:00:00,113,150,83,29,8
Chennai,2023-07-31 16:00:00,91,82,32,22,11
Bangalore,2023-07-31 17:00:00,86,151,58,42,24
Delhi,2023-07-31 18:00:00,62,81,32,41,32
Bangalore,2023-07-31 19:00:00,73,128,45,49,3
Mumbai,2023-07-31 20:00:00,103,10,55,7,1
Kolkata,2023-07-31 21:00:00,13,198,28,37,46
Chennai,2023-07-31 22:00:00,47,157,27,16,15
Kolkata,2023-07-31 23:00:00,32,77,73,8,21
Bangalore,2023-08-01 00:00:00,73,10,59,22,9
Chennai,2023-08-01 01:00:00,103,102,55,49,23
Bangalore,2023-08-01 02:00:00,39,25,55,23,29
Mumbai,2023-08-01 03:00:00,5,110,49,58,21
Delhi,2023-08-01 04:00:00,45,108,80,39,38
Chennai,2023-08-01 05:00:00,91,47,40,22,14
Mumbai,2023-08-01 06:00:00,78,140,51,50,14
Mumbai,2023-08-01 07:00:00,74,126,10,38,20
Chennai,2023-08-01 08:00:00,50,133,23,13,23
Bangalore,2023-08-01 09:00:00,15,90,15,63,20
Mumbai,2023-08-01 10:00:00,78,26,65,34,2
Kolkata,2023-08-01 11:00:00,30,134,5,30,21
Mumbai,2023-08-01 12:00:00,136,77,31,14,13
Bangalore,2023-08-01 13:00:00,79,27,5,51,11
Bangalore,2023-08-01 14:00:00,39,150,23,39,18
Kolkata,2023-08-01 15:00:00,38,184,30,41,6
Mumbai,2023-08-01 16:00:00,56,88,67,20,4
Bangalore,2023-08-01 17:00:00,51,187,47,45,1
Chennai,2023-08-01 18:00:00,99,94,23,46,38
Delhi,2023-08-01 19:00:00,66,72,61,17,24
Delhi,2023-08-01 20:00:00,34,61,40,5,16
Delhi,2023-08-01 21:00:00,126,163,40,40,9
Mumbai,2023-08-01 22:00:00,61,54,15,5,1
Kolkata,2023-08-01 23:00:00,86,123,20,32,9
Bangalore,2023-08-02 00:00:00,38,64,23,21,26
Chennai,2023-08-02 01:00:00,72,69,40,51,29
Chennai,2023-08-02 02:00:00,70,136,41,22,25
Mumbai,2023-08-02 03:00:00,5,72,70,49,19
Delhi,2023-08-02 04:00:00,130,71,47,20,33
Mumbai,2023-08-02 05:00:00,105,140,5,47,14
Kolkata,2023-08-02 06:00:00,46,161,45,67,31
Kolkata,2023-08-02 07:00:00,21,119,10,10,13
Bangalore,2023-08-02 08:00:00,72,60,20,35,7
Bangalore,2023-08-02 09:00:00,63,67,23,79,5
Kolkata,2023-08-02 10:00:00,72,93,26,31,5
Kolkata,2023-08-02 11:00:00,66,104,12,31,25
Kolkata,2023-08-02 12:00:00,77,45,44,44,9
Mumbai,2023-08-02 13:00:00,110,122,11,30,5
Kolkata,2023-08-02 14:00:00,79,93,47,5,26
Chennai,2023-08-02 15:00:00,23,12,84,50,21
Delhi,2023-08-02 16:00:00,107,48,13,5,29
Kolkata,2023-08-02 17:00:00,117,67,34,22,24
Delhi,2023-08-02 18:00:00,170,86,5,51,8
Mumbai,2023-08-02 19:00:00,20,175,33,23,18
Delhi,2023-08-02 20:00:00,68,100,52,17,19
Mumbai,2023-08-02 21:00:00,5,52,54,45,6
Chennai,2023-08-02 22:00:00,79,99,41,14,4
Mumbai,2023-08-02 23:00:00,40,74,57,7,9
Mumbai,2023-08-03 00:00:00,127,104,90,34,42
Bangalore,2023-08-03 01:00:00,32,116,74,26,13
Kolkata,2023-08-03 02:00:00,5,144,29,7,32
Kolkata,2023-08-03 03:00:00,43,88,10,41,12
Chennai,2023-08-03 04:00:00,5,163,31,38,28
Chennai,2023-08-03 05:00:00,86,130,21,23,28
Kolkata,2023-08-03 06:00:00,5,58,49,24,29
Bangalore,2023-08-03 07:00:00,60,189,16,38,22
Kolkata,2023-08-03 08:00:00,5,104,38,51,34
Bangalore,2023-08-03 09:00:00,48,52,56,24,22
Chennai,2023-08-03 10:00:00,117,164,37,41,38
Delhi,2023-08-03 11:00:00,72,183,21,40,1
Chennai,2023-08-03 12:00:00,29,88,63,45,22
Chennai,2023-08-03 13:00:00,58,67,5,30,21
Mumbai,2023-08-03 14:00:00,60,82,33,13,6
Mumbai,2023-08-03 15:00:00,76,122,39,21,24
Mumbai,2023-08-03 16:00:00,12,147,40,36,1
Mumbai,2023-08-03 17:00:00,80,115,43,62,10
Bangalore,2023-08-03 18:00:00,5,94,52,21,1
Kolkata,2023-08-03 19:00:00,37,157,39,44,36
Delhi,2023-08-03 20:00:00,42,75,32,24,15
Chennai,2023-08-03 21:00:00,82,136,31,31,44
Bangalore,2023-08-03 22:00:00,60,77,27,57,27
Delhi,2023-08-03 23:00:00,10,109,55,43,23
Bangalore,2023-08-04 00:00:00,25,84,27,7,10
Bangalore,2023-08-04 01:00:00,66,87,56,19,5
Chennai,2023-08-04 02:00:00,57,73,40,52,24
Kolkata,2023-08-04 03:00:00,39,150,29,32,17
Mumbai,2023-08-04 04:00:00,43,57,52,9,1
Kolkata,2023-08-04 05:00:00,84,56,25,15,1
Chennai,2023-08-04 06:00:00,41,185,52,42,6
Chennai,2023-08-04 07:00:00,56,134,44,47,39
Chennai,2023-08-04 08:00:00,135,10,28,30,44
Delhi,2023-08-04 09:00:00,10,64,50,74,20
Kolkata,2023-08-04 10:00:00,5,10,50,44,19
Kolkata,2023-08-04 11:00:00,87,47,63,25,13
Bangalore,2023-08-04 12:00:00,36,10,59,15,6
Bangalore,2023-08-04 13:00:00,48,83,49,12,34
Bangalore,2023-08-04 14:00:00,32,38,17,36,40
Chennai,2023-08-04 15:00:00,50,92,88,21,7
Kolkata,2023-08-04 16:00:00,115,16,11,60,17
Chennai,2023-08-04 17:00:00,88,93,58,56,12
Delhi,2023-08-04 18:00:00,90,71,48,41,12
Bangalore,2023-08-04 19:00:00,10,157,16,8,32
Chennai,2023-08-04 20:00:00,19,153,37,17,2
Chennai,2023-08-04 21:00:00,5,125,38,52,23
Delhi,2023-08-04 22:00:00,31,75,66,19,26
Mumbai,2023-08-04 23:00:00,93,179,25,50,16
Kolkata,2023-08-05 00:00:00,78,20,34,38,28
Mumbai,2023-08-05 01:00:00,52,26,5,30,19
Bangalore,2023-08-05 02:00:00,59,86,74,17,32
Chennai,2023-08-05 03:00:00,35,191,18,28,1
Delhi,2023-08-05 04:00:00,67,80,46,33,13
Delhi,2023-08-05 05:00:00,86,81,37,48,17
Kolkata,2023-08-05 06:00:00,5,25,38,14,1
Mumbai,2023-08-05 07:00:00,70,132,56,25,4
Kolkata,2023-08-05 08:00:00,92,132,73,30,8
Chennai,2023-08-05 09:00:00,45,125,45,41,29
Kolkata,2023-08-05 10:00:00,84,61,53,13,9
Delhi,2023-08-05 11:00:00,158,58,46,6,8
Delhi,2023-08-05 12:00:00,56,31,60,42,27
Bangalore,2023-08-05 13:00:00,73,93,30,5,1
Bangalore,2023-08-05 14:00:00,34,41,61,53,1
Chennai,2023-08-05 15:00:00,66,37,62,27,13
Mumbai,2023-08-05 16:00:00,76,70,61,5,1
Kolkata,2023-08-05 17:00:00,66,67,26,21,1
Chennai,2023-08-05 18:00:00,24,65,36,36,24
Bangalore,2023-08-05 19:00:00,67,110,44,20,28
Kolkata,2023-08-05 20:00:00,111,93,12,30,27
Bangalore,2023-08-05 21:00:00,75,77,71,43,31
Kolkata,2023-08-05 22:00:00,93,98,39,26,32
Mumbai,2023-08-05 23:00:00,51,45,45,13,1
Chennai,2023-08-06 00:00:00,86,94,28,24,23
Kolkata,2023-08-06 01:00:00,69,96,13,55,11
Delhi,2023-08-06 02:00:00,26,22,27,60,9
Delhi,2023-08-06 03:00:00,71,134,44,5,24
Kolkata,2023-08-06 04:00:00,25,50,53,49,1
Kolkata,2023-08-06 05:00:00,37,94,43,34,1
Kolkata,2023-08-06 06:00:00,66,142,46,46,25
Delhi,2023-08-06 07:00:00,70,131,33,20,23
Delhi,2023-08-06 08:00:00,18,91,49,5,19
Kolkata,2023-08-06 09:00:00,96,73,69,40,7
Bangalore,2023-08-06 10:00:00,80,132,54,13,26
Bangalore,2023-08-06 11:00:00,35,120,56,5,26
Mumbai,2023-08-06 12:00:00,6,62,45,6,19
Chennai,2023-08-06 13:00:00,54,54,9,40,3
Bangalore,2023-08-06 14:00:00,44,10,19,32,12
Delhi,2023-08-06 15:00:00,63,96,49,44,28
Bangalore,2023-08-06 16:00:00,47,86,39,42,33
Mumbai,2023-08-06 17:00:00,5,141,48,22,14
Mumbai,2023-08-06 18:00:00,46,106,73,28,15
Chennai,2023-08-06 19:00:00,49,150,54,20,16
Bangalore,2023-08-06 20:00:00,82,58,65,26,21
Delhi,2023-08-06 21:00:00,35,141,41,12,11
Delhi,2023-08-06 22:00:00,118,66,23,37,1
Kolkata,2023-08-06 23:00:00,5,124,38,49,32
Delhi,2023-08-07 00:00:00,105,24,23,15,39
Chennai,2023-08-07 01:00:00,52,100,71,53,10
Chennai,2023-08-07 02:00:00,90,10,55,32,5
Delhi,2023-08-07 03:00:00,62,77,50,34,16
Delhi,2023-08-07 04:00:00,99,109,64,5,15
Kolkata,2023-08-07 05:00:00,46,66,5,5,29
Delhi,2023-08-07 06:00:00,21,42,51,32,18
Kolkata,2023-08-07 07:00:00,109,128,13,44,8
Kolkata,2023-08-07 08:00:00,56,85,39,17,2
Delhi,2023-08-07 09:00:00,67,67,33,60,28
Mumbai,2023-08-07 10:00:00,103,91,53,43,25
Mumbai,2023-08-07 11:00:00,23,208,44,13,30
Kolkata,2023-08-07 12:00:00,80,141,66,30,6
Delhi,2023-08-07 13:00:00,39,142,27,74,40
Mumbai,2023-08-07 14:00:00,55,109,54,7,1
Delhi,2023-08-07 15:00:00,62,97,43,39,26
Delhi,2023-08-07 16:00:00,7,10,7,24,1
Delhi,2023-08-07 17:00:00,32,59,21,42,8
Bangalore,2023-08-07 18:00:00,107,68,37,52,36
Delhi,2023-08-07 19:00:00,91,10,62,23,27
Bangalore,2023-08-07 20:00:00,57,37,49,50,11
Kolkata,2023-08-07 21:00:00,68,10,16,69,11
Mumbai,2023-08-07 22:00:00,49,88,37,31,19
Mumbai,2023-08-07 23:00:00,107,126,80,44,24
Mumbai,2023-08-08 00:00:00,52,139,42,19,33
Mumbai,2023-08-08 01:00:00,68,108,33,30,12
Mumbai,2023-08-08 02:00:00,100,46,49,26,1
Mumbai,2023-08-08 03:00:00,32,10,55,44,19
Mumbai,2023-08-08 04:00:00,114,10,30,51,12
Kolkata,2023-08-08 05:00:00,6,32,50,28,2
Delhi,2023-08-08 06:00:00,117,50,33,57,21
Chennai,2023-08-08 07:00:00,46,82,54,57,15
Bangalore,2023-08-08 08:00:00,51,44,43,45,21
Chennai,2023-08-08 09:00:00,5,105,49,20,7
Chennai,2023-08-08 10:00:00,44,79,24,18,23
Delhi,2023-08-08 11:00:00,23,90,23,15,2
Delhi,2023-08-08 12:00:00,38,141,58,47,8
Delhi,2023-08-08 13:00:00,55,36,38,8,15
Mumbai,2023-08-08 14:00:00,93,108,45,42,38
Kolkata,2023-08-08 15:00:00,67,89,33,10,27
Mumbai,2023-08-08 16:00:00,70,74,57,44,30
Kolkata,2023-08-08 17:00:00,21,129,27,30,35
Kolkata,2023-08-08 18:00:00,29,129,37,54,61
Chennai,2023-08-08 19:00:00,122,47,55,50,18
Chennai,2023-08-08 20:00:00,34,81,63,55,35
Kolkata,2023-08-08 21:00:00,117,102,29,56,30
Kolkata,2023-08-08 22:00:00,51,77,79,32,29
Mumbai,2023-08-08 23:00:00,60,116,46,9,39
Mumbai,2023-08-09 00:00:00,97,102,19,11,12
Chennai,2023-08-09 01:00:00,104,172,47,5,12
Delhi,2023-08-09 02:00:00,56,21,32,10,21
Kolkata,2023-08-09 03:00:00,46,84,48,31,15
Mumbai,2023-08-09 04:00:00,58,49,39,19,21
Chennai,2023-08-09 05:00:00,71,117,41,26,36
Mumbai,2023-08-09 06:00:00,91,17,21,38,12
Kolkata,2023-08-09 07:00:00,60,105,59,24,14
Kolkata,2023-08-09 08:00:00,81,61,16,9,20
Bangalore,2023-08-09 09:00:00,117,56,17,29,15
Delhi,2023-08-09 10:00:00,73,24,47,13,1
Bangalore,2023-08-09 11:00:00,70,69,72,25,11
Chennai,2023-08-09 12:00:00,6,138,32,54,26
Mumbai,2023-08-09 13:00:00,5,88,54,25,35
Chennai,2023-08-09 14:00:00,73,118,61,61,4
Kolkata,2023-08-09 15:00:00,56,164,56,55,4
Bangalore,2023-08-09 16:00:00,41,101,33,19,18
Bangalore,2023-08-09 17:00:00,68,64,18,9,1
Bangalore,2023-08-09 18:00:00,57,111,5,29,12
Chennai,2023-08-09 19:00:00,99,65,34,50,1
Kolkata,2023-08-09 20:00:00,63,67,63,21,34
Mumbai,2023-08-09 21:00:00,33,21,17,46,8
Mumbai,2023-08-09 22:00:00,94,131,54,51,37
Chennai,2023-08-09 23:00:00,52,72,20,16,31
Bangalore,2023-08-10 00:00:00,78,98,42,17,10
Delhi,2023-08-10 01:00:00,43,43,54,42,5
Chennai,2023-08-10 02:00:00,37,109,26,32,15
Chennai,2023-08-10 03:00:00,62,55,43,17,16
Kolkata,2023-08-10 04:00:00,60,83,31,23,22
Mumbai,2023-08-10 05:00:00,76,129,54,28,8
Chennai,2023-08-10 06:00:00,50,125,44,5,26
Chennai,2023-08-10 07:00:00,5,89,41,43,21
Bangalore,2023-08-10 08:00:00,44,10,71,21,13
Bangalore,2023-08-10 09:00:00,87,224,53,5,9
Delhi,2023-08-10 10:00:00,49,168,26,29,15
Kolkata,2023-08-10 11:00:00,51,122,38,16,8
Delhi,2023-08-10 12:00:00,94,56,38,60,18
Bangalore,2023-08-10 13:00:00,35,84,41,19,19
Mumbai,2023-08-10 14:00:00,6,65,90,10,21
Bangalore,2023-08-10 15:00:00,54,146,47,39,39
Kolkata,2023-08-10 16:00:00,43,101,5,18,16
Bangalore,2023-08-10 17:00:00,26,54,29,15,30
Kolkata,2023-08-10 18:00:00,53,68,5,39,20
Kolkata,2023-08-10 19:00:00,77,140,33,11,15
Kolkata,2023-08-10 20:00:00,59,162,5,5,16
Kolkata,2023-08-10 21:00:00,70,158,22,61,17
Kolkata,2023-08-10 22:00:00,123,124,9,40,21
Mumbai,2023-08-10 23:00:00,47,78,47,25,6
Delhi,2023-08-11 00:00:00,69,10,40,29,1
Chennai,2023-08-11 01:00:00,42,103,46,39,25
Delhi,2023-08-11 02:00:00,30,89,37,47,28
Kolkata,2023-08-11 03:00:00,39,96,12,16,26
Mumbai,2023-08-11 04:00:00,43,92,50,36,19
Bangalore,2023-08-11 05:00:00,72,30,78,20,27
Mumbai,2023-08-11 06:00:00,142,115,48,26,26
Kolkata,2023-08-11 07:00:00,34,118,31,32,27
Mumbai,2023-08-11 08:00:00,45,120,11,29,7
Mumbai,2023-08-11 09:00:00,57,132,21,43,4
Kolkata,2023-08-11 10:00:00,73,117,49,38,13
Mumbai,2023-08-11 11:00:00,69,71,61,5,17
Chennai,2023-08-11 12:00:00,104,86,45,5,15
Chennai,2023-08-11 13:00:00,5,94,55,23,1
Mumbai,2023-08-11 14:00:00,5,94,54,62,38
Bangalore,2023-08-11 15:00:00,42,134,50,14,14
Kolkata,2023-08-11 16:00:00,98,118,26,26,20
Chennai,2023-08-11 17:00:00,5,183,43,20,32
Bangalore,2023-08-11 18:00:00,5,189,23,20,1
Mumbai,2023-08-11 19:00:00,79,93,40,33,11
Bangalore,2023-08-11 20:00:00,68,10,46,55,13
Delhi,2023-08-11 21:00:00,21,145,73,38,13
Chennai,2023-08-11 22:00:00,25,65,13,15,15
Mumbai,2023-08-11 23:00:00,26,53,49,79,35
Kolkata,2023-08-12 00:00:00,63,72,69,31,26
Mumbai,2023-08-12 01:00:00,38,69,55,19,29
Kolkata,2023-08-12 02:00:00,77,117,56,55,18
Mumbai,2023-08-12 03:00:00,5,19,51,21,1
Bangalore,2023-08-12 04:00:00,30,41,65,59,1
Bangalore,2023-08-12 05:00:00,20,105,18,14,1
Bangalore,2023-08-12 06:00:00,51,118,12,55,22
Delhi,2023-08-12 07:00:00,41,118,39,33,18
Kolkata,2023-08-12 08:00:00,87,54,5,53,15
Bangalore,2023-08-12 09:00:00,5,45,64,64,13
Delhi,2023-08-12 10:00:00,61,67,64,9,42
Kolkata,2023-08-12 11:00:00,79,100,31,52,8
Mumbai,2023-08-12 12:00:00,124,156,32,5,29
Delhi,2023-08-12 13:00:00,43,10,38,11,18
Chennai,2023-08-12 14:00:00,71,80,41,15,17
Delhi,2023-08-12 15:00:00,5,30,42,39,32
Delhi,2023-08-12 16:00:00,5,15,51,30,35
Kolkata,2023-08-12 17:00:00,89,133,36,26,15
Mumbai,2023-08-12 18:00:00,59,114,58,32,27
Chennai,2023-08-12 19:00:00,101,110,48,40,22
Bangalore,2023-08-12 20:00:00,11,131,27,42,18
Bangalore,2023-08-12 21:00:00,78,68,66,49,20
Delhi,2023-08-12 22:00:00,125,70,12,62,9
Kolkata,2023-08-12 23:00:00,74,188,38,29,14
Kolkata,2023-08-13 00:00:00,69,78,59,20,11
Bangalore,2023-08-13 01:00:00,60,123,25,41,28
Chennai,2023-08-13 02:00:00,5,90,46,9,16
Mumbai,2023-08-13 03:00:00,107,10,50,17,2
Chennai,2023-08-13 04:00:00,38,10,22,47,9
Mumbai,2023-08-13 05:00:00,77,63,38,27,1
Bangalore,2023-08-13 06:00:00,5,137,36,8,12
Mumbai,2023-08-13 07:00:00,18,125,28,5,18
Kolkata,2023-08-13 08:00:00,110,131,86,30,16
Delhi,2023-08-13 09:00:00,47,45,24,50,41
Delhi,2023-08-13 10:00:00,110,162,60,50,24
Bangalore,2023-08-13 11:00:00,57,46,32,31,24
Kolkata,2023-08-13 12:00:00,5,99,18,66,1
Chennai,2023-08-13 13:00:00,91,89,42,28,13
Kolkata,2023-08-13 14:00:00,39,82,52,27,12
Delhi,2023-08-13 15:00:00,84,150,58,5,8
Delhi,2023-08-13 16:00:00,60,58,71,21,8
Kolkata,2023-08-13 17:00:00,5,29,98,45,1
Kolkata,2023-08-13 18:00:00,65,90,45,58,2
Delhi,2023-08-13 19:00:00,136,72,26,15,28
Chennai,2023-08-13 20:00:00,77,241,49,38,16
Bangalore,2023-08-13 21:00:00,57,120,34,48,11
Bangalore,2023-08-13 22:00:00,97,71,58,30,17
Kolkata,2023-08-13 23:00:00,67,42,14,5,32
Bangalore,2023-08-14 00:00:00,67,10,87,34,18
Delhi,2023-08-14 01:00:00,21,43,57,43,24
Delhi,2023-08-14 02:00:00,68,95,6,12,7
Kolkata,2023-08-14 03:00:00,96,154,25,25,10
Kolkata,2023-08-14 04:00:00,30,140,56,9,22
Kolkata,2023-08-14 05:00:00,109,100,63,5,40
Chennai,2023-08-14 06:00:00,56,75,14,48,35
Bangalore,2023-08-14 07:00:00,28,102,54,29,24
Kolkata,2023-08-14 08:00:00,94,66,5,58,19
Mumbai,2023-08-14 09:00:00,49,167,38,45,34
Mumbai,2023-08-14 10:00:00,86,81,62,23,27
Delhi,2023-08-14 11:00:00,49,86,28,28,1
Bangalore,2023-08-14 12:00:00,57,10,9,40,5
Kolkata,2023-08-14 13:00:00,77,81,42,47,22
Mumbai,2023-08-14 14:00:00,70,127,27,35,1
Bangalore,2023-08-14 15:00:00,5,41,52,49,7
Delhi,2023-08-14 16:00:00,20,56,22,24,9
Chennai,2023-08-14 17:00:00,92,125,24,12,14
Bangalore,2023-08-14 18:00:00,55,23,5,28,14
Bangalore,2023-08-14 19:00:00,41,137,43,33,14
Chennai,2023-08-14 20:00:00,12,66,36,8,27
Bangalore,2023-08-14 21:00:00,22,72,16,5,14
Delhi,2023-08-14 22:00:00,5,39,43,38,13
Delhi,2023-08-14 23:00:00,56,107,60,22,1
Chennai,2023-08-15 00:00:00,39,200,35,27,30
Kolkata,2023-08-15 01:00:00,26,125,45,23,9
Mumbai,2023-08-15 02:00:00,57,51,45,57,4
Kolkata,2023-08-15 03:00:00,72,141,15,52,20
Bangalore,2023-08-15 04:00:00,133,75,81,7,8
Mumbai,2023-08-15 05:00:00,7,151,30,20,11
Chennai,2023-08-15 06:00:00,100,126,53,45,21
Chennai,2023-08-15 07:00:00,94,10,55,40,14
Mumbai,2023-08-15 08:00:00,32,44,37,29,45
Delhi,2023-08-15 09:00:00,67,132,52,9,17
Mumbai,2023-08-15 10:00:00,43,96,44,17,25
Bangalore,2023-08-15 11:00:00,66,43,11,20,1
Delhi,2023-08-15 12:00:00,112,61,33,34,7
Chennai,2023-08-15 13:00:00,81,10,27,60,4
Mumbai,2023-08-15 14:00:00,77,86,30,17,6
Kolkata,2023-08-15 15:00:00,44,189,13,11,22
Kolkata,2023-08-15 16:00:00,8,126,62,28,30
Bangalore,2023-08-15 17:00:00,52,188,72,48,22
Kolkata,2023-08-15 18:00:00,102,129,59,5,15
Mumbai,2023-08-15 19:00:00,6,136,65,56,10
Mumbai,2023-08-15 20:00:00,23,178,33,26,31
Kolkata,2023-08-15 21:00:00,64,106,27,16,42
Mumbai,2023-08-15 22:00:00,25,81,24,5,19
Bangalore,2023-08-15 23:00:00,32,136,52,42,29
Delhi,2023-08-16 00:00:00,45,155,44,26,22
Bangalore,2023-08-16 01:00:00,12,68,38,33,27
Bangalore,2023-08-16 02:00:00,25,57,65,13,4
Mumbai,2023-08-16 03:00:00,84,96,48,24,12
Delhi,2023-08-16 04:00:00,14,127,23,21,22
Mumbai,2023-08-16 05:00:00,5,125,26,28,32
Chennai,2023-08-16 06:00:00,37,25,53,17,8
Mumbai,2023-08-16 07:00:00,85,176,60,5,1
Mumbai,2023-08-16 08:00:00,53,61,51,79,12
Mumbai,2023-08-16 09:00:00,43,78,77,5,30
Delhi,2023-08-16 10:00:00,61,49,72,33,1
Mumbai,2023-08-16 11:00:00,5,211,48,5,3
Delhi,2023-08-16 12:00:00,77,100,23,5,19
Kolkata,2023-08-16 13:00:00,73,51,13,31,16
Chennai,2023-08-16 14:00:00,45,128,32,33,25
Delhi,2023-08-16 15:00:00,95,124,55,52,3
Kolkata,2023-08-16 16:00:00,20,81,76,37,14
Delhi,2023-08-16 17:00:00,99,127,48,27,32
Delhi,2023-08-16 18:00:00,65,52,63,12,3
Chennai,2023-08-16 19:00:00,48,67,35,56,35
Bangalore,2023-08-16 20:00:00,59,10,52,46,5
Bangalore,2023-08-16 21:00:00,56,30,56,7,28
Delhi,2023-08-16 22:00:00,102,171,5,30,13
Mumbai,2023-08-16 23:00:00,22,163,31,32,4
Kolkata,2023-08-17 00:00:00,33,92,58,23,12
Mumbai,2023-08-17 01:00:00,96,164,45,43,24
Mumbai,2023-08-17 02:00:00,39,82,16,44,17
Delhi,2023-08-17 03:00:00,91,79,5,26,31
Delhi,2023-08-17 04:00:00,119,92,32,24,35
Delhi,2023-08-17 05:00:00,45,84,38,56,3
Delhi,2023-08-17 06:00:00,83,80,22,46,2
Bangalore,2023-08-17 07:00:00,19,141,42,31,2
Delhi,2023-08-17 08:00:00,86,96,50,5,7
Bangalore,2023-08-17 09:00:00,66,122,53,36,31
Bangalore,2023-08-17 10:00:00,76,136,5,42,24
Delhi,2023-08-17 11:00:00,37,107,13,5,11
Chennai,2023-08-17 12:00:00,5,46,33,34,17
Kolkata,2023-08-17 13:00:00,77,29,51,22,34
Mumbai,2023-08-17 14:00:00,5,96,49,26,40
Bangalore,2023-08-17 15:00:00,48,82,49,13,21
Kolkata,2023-08-17 16:00:00,92,93,32,27,1
Chennai,2023-08-17 17:00:00,66,89,33,55,21
Mumbai,2023-08-17 18:00:00,128,206,25,21,29
Mumbai,2023-08-17 19:00:00,95,30,55,47,20
Bangalore,2023-08-17 20:00:00,37,10,21,15,26
Delhi,2023-08-17 21:00:00,60,104,57,43,22
Chennai,2023-08-17 22:00:00,58,73,44,30,3
Bangalore,2023-08-17 23:00:00,5,104,39,36,7
Chennai,2023-08-18 00:00:00,27,116,26,30,14
Delhi,2023-08-18 01:00:00,40,147,12,41,30
Delhi,2023-08-18 02:00:00,5,22,27,5,8
Bangalore,2023-08-18 03:00:00,61,64,33,5,23
Delhi,2023-08-18 04:00:00,51,109,5,37,21
Kolkata,2023-08-18 05:00:00,5,124,36,5,37
Mumbai,2023-08-18 06:00:00,74,188,58,20,17
Bangalore,2023-08-18 07:00:00,85,133,51,29,1
Chennai,2023-08-18 08:00:00,67,87,30,15,25
Kolkata,2023-08-18 09:00:00,48,49,40,17,43
Bangalore,2023-08-18 10:00:00,80,64,28,34,26
Delhi,2023-08-18 11:00:00,83,63,42,48,8
Delhi,2023-08-18 12:00:00,70,119,70,12,5
Delhi,2023-08-18 13:00:00,31,101,59,19,6
Delhi,2023-08-18 14:00:00,69,30,50,16,42
Chennai,2023-08-18 15:00:00,101,70,30,5,14
Kolkata,2023-08-18 16:00:00,39,129,54,32,10
Mumbai,2023-08-18 17:00:00,133,105,6,46,16
Chennai,2023-08-18 18:00:00,41,115,34,48,14
Chennai,2023-08-18 19:00:00,61,107,51,14,36
Mumbai,2023-08-18 20:00:00,36,163,54,7,5
Mumbai,2023-08-18 21:00:00,67,100,53,30,32
Delhi,2023-08-18 22:00:00,5,72,45,44,19
Chennai,2023-08-18 23:00:00,40,48,36,32,32
Bangalore,2023-08-19 00:00:00,21,101,50,35,36
Mumbai,2023-08-19 01:00:00,64,10,20,50,19
Mumbai,2023-08-19 02:00:00,94,81,23,16,14
Kolkata,2023-08-19 03:00:00,82,80,41,26,18
Bangalore,2023-08-19 04:00:00,5,28,43,59,16
Bangalore,2023-08-19 05:00:00,131,48,5,26,1
Mumbai,2023-08-19 06:00:00,70,126,49,7,36
Delhi,2023-08-19 07:00:00,32,100,55,17,20
Kolkata,2023-08-19 08:00:00,65,94,38,13,4
Bangalore,2023-08-19 09:00:00,66,103,87,36,1
Mumbai,2023-08-19 10:00:00,36,94,26,13,1
Bangalore,2023-08-19 11:00:00,66,145,32,34,27
Kolkata,2023-08-19 12:00:00,38,95,32,16,10
Kolkata,2023-08-19 13:00:00,45,24,38,5,12
Chennai,2023-08-19 14:00:00,35,163,33,35,23
Mumbai,2023-08-19 15:00:00,9,106,11,32,11
Kolkata,2023-08-19 16:00:00,65,63,29,39,24
Chennai,2023-08-19 17:00:00,80,33,38,17,19
Chennai,2023-08-19 18:00:00,78,107,64,15,16
Bangalore,2023-08-19 19:00:00,88,84,84,37,1
Bangalore,2023-08-19 20:00:00,71,160,66,57,8
Chennai,2023-08-19 21:00:00,41,74,24,30,25
Bangalore,2023-08-19 22:00:00,89,52,26,37,9
Kolkata,2023-08-19 23:00:00,12,130,36,24,32
Delhi,2023-08-20 00:00:00,28,131,75,5,46
Kolkata,2023-08-20 01:00:00,26,97,36,47,25
Chennai,2023-08-20 02:00:00,97,120,13,46,35
Chennai,2023-08-20 03:00:00,92,88,29,42,26
Kolkata,2023-08-20 04:00:00,77,100,55,26,11
Bangalore,2023-08-20 05:00:00,97,142,53,40,20
Bangalore,2023-08-20 06:00:00,29,118,35,46,42
Chennai,2023-08-20 07:00:00,72,82,53,59,11
Mumbai,2023-08-20 08:00:00,55,150,5,47,5
Bangalore,2023-08-20 09:00:00,89,10,42,31,4
Kolkata,2023-08-20 10:00:00,55,182,57,6,15
Bangalore,2023-08-20 11:00:00,46,13,23,32,5
Kolkata,2023-08-20 12:00:00,78,61,23,34,38
Chennai,2023-08-20 13:00:00,90,88,5,42,20
Bangalore,2023-08-20 14:00:00,36,83,71,54,29
Kolkata,2023-08-20 15:00:00,57,135,25,28,14
Chennai,2023-08-20 16:00:00,22,42,44,67,4
Mumbai,2023-08-20 17:00:00,5,101,52,5,2
Kolkata,2023-08-20 18:00:00,67,63,70,37,7
Mumbai,2023-08-20 19:00:00,81,103,36,15,22
Mumbai,2023-08-20 20:00:00,69,87,29,5,24
Delhi,2023-08-20 21:00:00,5,94,43,26,25
Bangalore,2023-08-20 22:00:00,47,65,65,5,1
Kolkata,2023-08-20 23:00:00,5,67,36,27,17
Mumbai,2023-08-21 00:00:00,107,102,20,30,5
Delhi,2023-08-21 01:00:00,21,132,9,50,22
Chennai,2023-08-21 02:00:00,103,63,15,5,23
Kolkata,2023-08-21 03:00:00,93,50,57,46,3
Mumbai,2023-08-21 04:00:00,28,117,33,31,29
Bangalore,2023-08-21 05:00:00,20,88,27,48,46
Delhi,2023-08-21 06:00:00,72,127,25,22,28
Mumbai,2023-08-21 07:00:00,30,49,41,6,16
Bangalore,2023-08-21 08:00:00,63,10,35,8,14
Mumbai,2023-08-21 09:00:00,43,66,34,6,15
Kolkata,2023-08-21 10:00:00,5,55,66,38,8
Kolkata,2023-08-21 11:00:00,5,86,70,56,21
Kolkata,2023-08-21 12:00:00,67,61,7,19,4
Delhi,2023-08-21 13:00:00,40,123,46,41,1
Kolkata,2023-08-21 14:00:00,40,77,24,5,20
Bangalore,2023-08-21 15:00:00,84,96,35,33,18
Mumbai,2023-08-21 16:00:00,101,97,46,42,11
Chennai,2023-08-21 17:00:00,50,98,35,5,2
Bangalore,2023-08-21 18:00:00,48,88,44,26,21
Bangalore,2023-08-21 19:00:00,77,112,53,42,6
Kolkata,2023-08-21 20:00:00,12,54,45,5,16
Delhi,2023-08-21 21:00:00,67,152,27,54,39
Mumbai,2023-08-21 22:00:00,79,79,27,36,25
Delhi,2023-08-21 23:00:00,83,30,11,42,1
Mumbai,2023-08-22 00:00:00,5,98,22,22,2
Mumbai,2023-08-22 01:00:00,33,51,79,5,19
Delhi,2023-08-22 02:00:00,29,119,24,39,1
Bangalore,2023-08-22 03:00:00,63,189,16,28,1
Mumbai,2023-08-22 04:00:00,76,54,46,30,24
Delhi,2023-08-22 05:00:00,112,104,37,49,21
Mumbai,2023-08-22 06:00:00,42,11,36,43,23
Chennai,2023-08-22 07:00:00,42,110,68,64,21
Bangalore,2023-08-22 08:00:00,100,50,50,32,17
Kolkata,2023-08-22 09:00:00,70,61,29,17,10
Mumbai,2023-08-22 10:00:00,104,40,31,26,24
Chennai,2023-08-22 11:00:00,70,122,29,37,36
Kolkata,2023-08-22 12:00:00,19,135,57,48,11
Kolkata,2023-08-22 13:00:00,13,91,33,5,5
Mumbai,2023-08-22 14:00:00,5,51,5,30,4
Delhi,2023-08-22 15:00:00,83,161,39,58,7
Mumbai,2023-08-22 16:00:00,101,56,9,25,20
Chennai,2023-08-22 17:00:00,124,10,83,46,1
Kolkata,2023-08-22 18:00:00,89,110,20,38,23
Mumbai,2023-08-22 19:00:00,100,40,36,47,25
Delhi,2023-08-22 20:00:00,39,134,45,15,1
Mumbai,2023-08-22 21:00:00,19,72,34,15,6
Bangalore,2023-08-22 22:00:00,89,117,34,30,18
Delhi,2023-08-22 23:00:00,74,153,48,5,16
Chennai,2023-08-23 00:00:00,63,35,70,25,24
Kolkata,2023-08-23 01:00:00,73,64,55,34,16
Mumbai,2023-08-23 02:00:00,71,86,69,62,33
Delhi,2023-08-23 03:00:00,104,159,19,37,14
Bangalore,2023-08-23 04:00:00,105,60,46,41,6
Delhi,2023-08-23 05:00:00,79,63,43,50,5
Bangalore,2023-08-23 06:00:00,89,111,47,12,26
Chennai,2023-08-23 07:00:00,77,64,67,27,18
Kolkata,2023-08-23 08:00:00,43,96,35,73,25
Chennai,2023-08-23 09:00:00,86,20,31,28,25
Mumbai,2023-08-23 10:00:00,11,189,50,50,1
Delhi,2023-08-23 11:00:00,96,29,5,47,4
Bangalore,2023-08-23 12:00:00,18,75,35,5,5
Bangalore,2023-08-23 13:00:00,70,88,37,35,8
Delhi,2023-08-23 14:00:00,30,176,21,32,12
Delhi,2023-08-23 15:00:00,79,30,61,35,29
Mumbai,2023-08-23 16:00:00,58,179,18,16,32
Chennai,2023-08-23 17:00:00,5,124,37,9,14
Bangalore,2023-08-23 18:00:00,74,108,45,21,14
Mumbai,2023-08-23 19:00:00,39,45,67,28,9
Chennai,2023-08-23 20:00:00,90,115,39,51,19
Mumbai,2023-08-23 21:00:00,60,57,58,62,20
Bangalore,2023-08-23 22:00:00,73,146,54,55,27
Delhi,2023-08-23 23:00:00,26,46,42,45,27
Delhi,2023-08-24 00:00:00,39,84,18,11,1
Chennai,2023-08-24 01:00:00,43,65,11,22,16
Kolkata,2023-08-24 02:00:00,89,45,42,33,34
Chennai,2023-08-24 03:00:00,118,123,29,18,12
Kolkata,2023-08-24 04:00:00,31,114,58,40,31
Mumbai,2023-08-24 05:00:00,97,144,54,42,14
Mumbai,2023-08-24 06:00:00,5,10,36,39,20
Bangalore,2023-08-24 07:00:00,18,137,16,48,4
Kolkata,2023-08-24 08:00:00,26,202,50,13,4
Bangalore,2023-08-24 09:00:00,12,69,19,46,26
Delhi,2023-08-24 10:00:00,5,175,24,17,28
Kolkata,2023-08-24 11:00:00,74,78,20,13,18
Chennai,2023-08-24 12:00:00,52,28,37,39,3
Delhi,2023-08-24 13:00:00,73,76,63,51,18
Delhi,2023-08-24 14:00:00,84,137,39,38,33
Chennai,2023-08-24 15:00:00,69,52,31,30,38
Delhi,2023-08-24 16:00:00,83,62,9,35,14
Kolkata,2023-08-24 17:00:00,57,116,51,32,1
Bangalore,2023-08-24 18:00:00,18,90,24,9,28
Delhi,2023-08-24 19:00:00,97,116,42,7,14
Kolkata,2023-08-24 20:00:00,39,100,32,28,29
Mumbai,2023-08-24 21:00:00,27,111,56,31,21
Kolkata,2023-08-24 22:00:00,53,70,36,30,7
Bangalore,2023-08-24 23:00:00,28,100,38,42,18
Kolkata,2023-08-25 00:00:00,45,48,49,26,33
Chennai,2023-08-25 01:00:00,72,147,82,40,16
Bangalore,2023-08-25 02:00:00,72,61,57,27,5
Mumbai,2023-08-25 03:00:00,28,140,38,62,1
Chennai,2023-08-25 04:00:00,42,79,40,31,8
Kolkata,2023-08-25 05:00:00,97,99,29,72,13
Bangalore,2023-08-25 06:00:00,77,67,21,36,27
Mumbai,2023-08-25 07:00:00,132,44,28,26,4
Chennai,2023-08-25 08:00:00,101,11,24,13,36
Mumbai,2023-08-25 09:00:00,100,42,53,5,1
Kolkata,2023-08-25 10:00:00,11,75,18,12,45
Mumbai,2023-08-25 11:00:00,86,99,66,14,38
Delhi,2023-08-25 12:00:00,58,135,55,37,19
Chennai,2023-08-25 13:00:00,40,69,40,20,1
Mumbai,2023-08-25 14:00:00,65,50,40,33,17
Kolkata,2023-08-25 15:00:00,93,25,28,53,13
Kolkata,2023-08-25 16:00:00,77,111,45,28,2
Mumbai,2023-08-25 17:00:00,29,152,61,67,21
Kolkata,2023-08-25 18:00:00,85,146,25,8,8
Bangalore,2023-08-25 19:00:00,37,121,9,27,9
Bangalore,2023-08-25 20:00:00,67,118,54,20,15
Bangalore,2023-08-25 21:00:00,49,166,46,46,11
Delhi,2023-08-25 22:00:00,52,104,17,5,42
Mumbai,2023-08-25 23:00:00,86,119,25,5,11
Delhi,2023-08-26 00:00:00,23,75,22,28,23
Kolkata,2023-08-26 01:00:00,128,28,25,57,19
Delhi,2023-08-26 02:00:00,5,59,33,34,22
Kolkata,2023-08-26 03:00:00,39,89,34,5,23
Kolkata,2023-08-26 04:00:00,72,92,26,8,28
Chennai,2023-08-26 05:00:00,80,176,24,60,21
Bangalore,2023-08-26 06:00:00,56,93,35,18,20
Kolkata,2023-08-26 07:00:00,57,143,43,13,18
Chennai,2023-08-26 08:00:00,74,70,33,56,16
Bangalore,2023-08-26 09:00:00,51,75,63,48,7
Kolkata,2023-08-26 10:00:00,108,30,50,52,17
Kolkata,2023-08-26 11:00:00,89,56,8,12,20
Delhi,2023-08-26 12:00:00,90,113,50,5,22
Delhi,2023-08-26 13:00:00,26,90,52,32,20
Bangalore,2023-08-26 14:00:00,57,132,31,36,15
Kolkata,2023-08-26 15:00:00,49,98,10,36,17
Mumbai,2023-08-26 16:00:00,24,74,40,56,11
Delhi,2023-08-26 17:00:00,72,186,39,5,21
Bangalore,2023-08-26 18:00:00,41,85,17,45,15
Kolkata,2023-08-26 19:00:00,82,142,10,10,20
Kolkata,2023-08-26 20:00:00,22,71,38,45,30
Mumbai,2023-08-26 21:00:00,120,121,35,21,9
Bangalore,2023-08-26 22:00:00,28,131,31,15,25
Kolkata,2023-08-26 23:00:00,67,99,38,19,18
Delhi,2023-08-27 00:00:00,87,10,17,5,42
Mumbai,2023-08-27 01:00:00,40,90,31,30,15
Bangalore,2023-08-27 02:00:00,89,145,50,16,26
Mumbai,2023-08-27 03:00:00,16,113,33,44,18
Delhi,2023-08-27 04:00:00,110,110,6,41,1
Bangalore,2023-08-27 05:00:00,60,12,30,60,11
Mumbai,2023-08-27 06:00:00,39,57,18,36,28
Chennai,2023-08-27 07:00:00,49,108,45,39,12
Delhi,2023-08-27 08:00:00,88,108,46,55,1
Delhi,2023-08-27 09:00:00,39,144,6,18,17
Delhi,2023-08-27 10:00:00,33,83,55,5,4
Chennai,2023-08-27 11:00:00,52,108,17,33,19
Chennai,2023-08-27 12:00:00,18,90,71,5,36
Kolkata,2023-08-27 13:00:00,123,45,39,74,27
Mumbai,2023-08-27 14:00:00,40,10,15,56,36
Kolkata,2023-08-27 15:00:00,89,109,17,68,11
Mumbai,2023-08-27 16:00:00,67,97,46,31,16
Chennai,2023-08-27 17:00:00,25,62,32,39,5
Chennai,2023-08-27 18:00:00,59,17,38,21,9
Kolkata,2023-08-27 19:00:00,87,118,72,45,6
Bangalore,2023-08-27 20:00:00,53,78,26,8,2
Kolkata,2023-08-27 21:00:00,101,115,41,5,34
Mumbai,2023-08-27 22:00:00,95,173,68,15,1
Kolkata,2023-08-27 23:00:00,92,10,45,5,34
Delhi,2023-08-28 00:00:00,43,58,7,56,32
Mumbai,2023-08-28 01:00:00,22,80,50,62,23
Mumbai,2023-08-28 02:00:00,38,155,16,5,4
Bangalore,2023-08-28 03:00:00,66,16,68,53,1
Chennai,2023-08-28 04:00:00,79,177,23,47,11
Mumbai,2023-08-28 05:00:00,5,96,99,5,25
Chennai,2023-08-28 06:00:00,59,85,69,22,18
Kolkata,2023-08-28 07:00:00,65,81,24,19,5
Delhi,2023-08-28 08:00:00,50,70,40,43,31
Bangalore,2023-08-28 09:00:00,105,137,55,7,38
Chennai,2023-08-28 10:00:00,74,41,55,28,15
Mumbai,2023-08-28 11:00:00,105,105,48,17,19
Chennai,2023-08-28 12:00:00,52,72,65,38,1
Mumbai,2023-08-28 13:00:00,92,55,37,26,13
Chennai,2023-08-28 14:00:00,117,206,32,20,24
Mumbai,2023-08-28 15:00:00,105,108,33,26,22
Kolkata,2023-08-28 16:00:00,21,117,57,66,11
Mumbai,2023-08-28 17:00:00,51,141,47,22,14
Mumbai,2023-08-28 18:00:00,47,26,45,11,12
Delhi,2023-08-28 19:00:00,77,168,55,40,14
Mumbai,2023-08-28 20:00:00,84,10,5,27,23
Delhi,2023-08-28 21:00:00,30,55,46,5,1
Bangalore,2023-08-28 22:00:00,62,69,44,70,17
Delhi,2023-08-28 23:00:00,5,116,73,23,22
Kolkata,2023-08-29 00:00:00,110,99,9,23,11
Delhi,2023-08-29 01:00:00,42,82,71,32,12
Bangalore,2023-08-29 02:00:00,61,89,41,61,12
Kolkata,2023-08-29 03:00:00,49,45,49,5,12
Chennai,2023-08-29 04:00:00,100,22,73,34,18
Chennai,2023-08-29 05:00:00,5,122,51,67,19
Delhi,2023-08-29 06:00:00,59,121,48,32,1
Delhi,2023-08-29 07:00:00,56,161,44,7,25
Bangalore,2023-08-29 08:00:00,44,54,30,18,14
Bangalore,2023-08-29 09:00:00,120,121,39,33,41
Mumbai,2023-08-29 10:00:00,28,77,25,53,3
Bangalore,2023-08-29 11:00:00,87,143,39,23,7
Mumbai,2023-08-29 12:00:00,72,135,5,44,15
Kolkata,2023-08-29 13:00:00,104,99,48,5,22
Delhi,2023-08-29 14:00:00,36,74,37,5,1
Kolkata,2023-08-29 15:00:00,34,133,33,21,8
Bangalore,2023-08-29 16:00:00,98,119,44,55,25
Kolkata,2023-08-29 17:00:00,74,59,11,31,6
Kolkata,2023-08-29 18:00:00,5,30,78,35,34
Kolkata,2023-08-29 19:00:00,41,77,37,35,12
Bangalore,2023-08-29 20:00:00,73,158,37,49,7
Kolkata,2023-08-29 21:00:00,89,141,20,19,25
Mumbai,2023-08-29 22:00:00,36,39,40,42,37
Bangalore,2023-08-29 23:00:00,5,37,67,15,22
Kolkata,2023-08-30 00:00:00,78,147,60,65,33
Bangalore,2023-08-30 01:00:00,17,38,57,15,38
Chennai,2023-08-30 02:00:00,5,112,50,14,6
Mumbai,2023-08-30 03:00:00,5,62,32,39,29
Kolkata,2023-08-30 04:00:00,88,162,10,31,1
Chennai,2023-08-30 05:00:00,64,55,35,35,23
Chennai,2023-08-30 06:00:00,52,141,35,34,17
Bangalore,2023-08-30 07:00:00,108,98,60,10,32
Chennai,2023-08-30 08:00:00,82,101,46,59,32
Mumbai,2023-08-30 09:00:00,116,10,72,46,24
Mumbai,2023-08-30 10:00:00,11,10,63,54,21
Delhi,2023-08-30 11:00:00,58,80,30,20,24
Mumbai,2023-08-30 12:00:00,5,101,5,37,18
Chennai,2023-08-30 13:00:00,51,39,67,33,17
Mumbai,2023-08-30 14:00:00,51,41,67,50,35
Bangalore,2023-08-30 15:00:00,81,115,12,50,36
Delhi,2023-08-30 16:00:00,61,115,70,33,16
Chennai,2023-08-30 17:00:00,81,83,47,5,20
Delhi,2023-08-30 18:00:00,84,125,43,62,18
Chennai,2023-08-30 19:00:00,135,37,72,40,1
Bangalore,2023-08-30 20:00:00,48,73,66,19,13
Delhi,2023-08-30 21:00:00,27,164,53,37,37
Kolkata,2023-08-30 22:00:00,68,93,49,5,9
Chennai,2023-08-30 23:00:00,31,95,52,48,43
Kolkata,2023-08-31 00:00:00,111,193,31,5,32
Delhi,2023-08-31 01:00:00,50,27,38,26,22
Kolkata,2023-08-31 02:00:00,40,125,21,34,24
Kolkata,2023-08-31 03:00:00,43,164,33,48,6
Delhi,2023-08-31 04:00:00,85,75,32,31,14
Bangalore,2023-08-31 05:00:00,54,128,27,41,35
Kolkata,2023-08-31 06:00:00,37,45,42,29,10
Kolkata,2023-08-31 07:00:00,118,59,33,29,30
Bangalore,2023-08-31 08:00:00,30,107,50,31,1
Kolkata,2023-08-31 09:00:00,61,125,7,26,3
Kolkata,2023-08-31 10:00:00,82,140,37,5,40
Kolkata,2023-08-31 11:00:00,5,160,42,16,17
Mumbai,2023-08-31 12:00:00,76,86,33,34,11
Bangalore,2023-08-31 13:00:00,23,143,36,25,34
Kolkata,2023-08-31 14:00:00,88,74,8,27,32
Bangalore,2023-08-31 15:00:00,26,130,47,24,29
Chennai,2023-08-31 16:00:00,84,99,52,14,11
Chennai,2023-08-31 17:00:00,98,110,49,21,14
Kolkata,2023-08-31 18:00:00,90,109,60,24,21
Bangalore,2023-08-31 19:00:00,68,17,44,30,26
Bangalore,2023-08-31 20:00:00,51,39,49,37,11
Bangalore,2023-08-31 21:00:00,39,94,43,26,20
Mumbai,2023-08-31 22:00:00,111,14,53,11,21
Chennai,2023-08-31 23:00:00,35,127,8,5,33
Bangalore,2023-09-01 00:00:00,23,129,22,76,27
Bangalore,2023-09-01 01:00:00,83,104,71,9,1
Mumbai,2023-09-01 02:00:00,32,39,5,20,15
Mumbai,2023-09-01 03:00:00,26,152,37,39,6
Bangalore,2023-09-01 04:00:00,9,181,63,36,24
Delhi,2023-09-01 05:00:00,43,96,38,39,29
Bangalore,2023-09-01 06:00:00,57,112,31,22,19
Bangalore,2023-09-01 07:00:00,68,99,42,34,14
Mumbai,2023-09-01 08:00:00,93,113,32,31,18
Mumbai,2023-09-01 09:00:00,78,84,40,24,20
Bangalore,2023-09-01 10:00:00,53,88,26,34,10
Bangalore,2023-09-01 11:00:00,53,130,62,48,3
Bangalore,2023-09-01 12:00:00,77,195,68,29,1
Mumbai,2023-09-01 13:00:00,104,26,37,29,33
Bangalore,2023-09-01 14:00:00,64,85,12,49,23
Bangalore,2023-09-01 15:00:00,43,36,29,47,22
Kolkata,2023-09-01 16:00:00,25,161,36,58,33
Delhi,2023-09-01 17:00:00,9,63,50,5,2
Chennai,2023-09-01 18:00:00,83,25,19,46,1
Delhi,2023-09-01 19:00:00,80,118,24,40,22
Kolkata,2023-09-01 20:00:00,80,168,50,14,21
Chennai,2023-09-01 21:00:00,55,119,58,34,1
Bangalore,2023-09-01 22:00:00,109,99,27,48,22
Kolkata,2023-09-01 23:00:00,43,108,13,15,13
Bangalore,2023-09-02 00:00:00,93,153,105,37,8
Mumbai,2023-09-02 01:00:00,58,50,55,45,13
Kolkata,2023-09-02 02:00:00,38,84,34,10,1
Mumbai,2023-09-02 03:00:00,80,69,57,27,10
Kolkata,2023-09-02 04:00:00,74,37,37,35,9
Kolkata,2023-09-02 05:00:00,72,75,57,15,24
Mumbai,2023-09-02 06:00:00,62,139,43,14,16
Chennai,2023-09-02 07:00:00,58,115,41,27,25
Delhi,2023-09-02 08:00:00,143,118,37,44,1
Bangalore,2023-09-02 09:00:00,101,96,11,41,7
Kolkata,2023-09-02 10:00:00,85,113,78,14,24
Bangalore,2023-09-02 11:00:00,63,53,21,41,14
Mumbai,2023-09-02 12:00:00,95,76,12,14,28
Bangalore,2023-09-02 13:00:00,78,98,35,5,1
Mumbai,2023-09-02 14:00:00,60,102,20,23,26
Bangalore,2023-09-02 15:00:00,49,104,38,50,10
Delhi,2023-09-02 16:00:00,57,83,53,41,9
Delhi,2023-09-02 17:00:00,5,73,59,29,29
Delhi,2023-09-02 18:00:00,67,232,56,22,31
Delhi,2023-09-02 19:00:00,42,130,33,22,30
Delhi,2023-09-02 20:00:00,115,108,40,31,42
Delhi,2023-09-02 21:00:00,60,79,48,10,33
Mumbai,2023-09-02 22:00:00,18,69,5,23,8
Kolkata,2023-09-02 23:00:00,58,84,51,26,19
Bangalore,2023-09-03 00:00:00,23,103,10,5,13
Delhi,2023-09-03 01:00:00,76,10,80,14,42
Mumbai,2023-09-03 02:00:00,70,19,31,37,31
Mumbai,2023-09-03 03:00:00,93,61,36,30,15
Mumbai,2023-09-03 04:00:00,32,99,24,24,28
Kolkata,2023-09-03 05:00:00,61,79,27,13,3
Bangalore,2023-09-03 06:00:00,12,156,85,58,21
Kolkata,2023-09-03 07:00:00,84,23,58,14,6
Chennai,2023-09-03 08:00:00,78,56,9,34,1
Mumbai,2023-09-03 09:00:00,77,158,70,21,27
Chennai,2023-09-03 10:00:00,60,95,63,30,28
Delhi,2023-09-03 11:00:00,74,129,34,38,23
Delhi,2023-09-03 12:00:00,116,182,46,5,15
Kolkata,2023-09-03 13:00:00,50,58,39,29,2
Bangalore,2023-09-03 14:00:00,64,85,79,51,4
Chennai,2023-09-03 15:00:00,21,77,24,61,6
Bangalore,2023-09-03 16:00:00,29,10,42,27,15
Kolkata,2023-09-03 17:00:00,63,76,31,30,30
Delhi,2023-09-03 18:00:00,98,129,11,69,30
Bangalore,2023-09-03 19:00:00,51,114,83,50,1
Bangalore,2023-09-03 20:00:00,51,117,16,18,9
Delhi,2023-09-03 21:00:00,45,73,44,18,9
Chennai,2023-09-03 22:00:00,41,60,5,47,1
Delhi,2023-09-03 23:00:00,70,147,32,11,24
Bangalore,2023-09-04 00:00:00,7,67,48,49,15
Chennai,2023-09-04 01:00:00,104,103,23,36,16
Chennai,2023-09-04 02:00:00,36,97,51,39,34
Delhi,2023-09-04 03:00:00,85,155,34,25,19
Bangalore,2023-09-04 04:00:00,15,133,63,18,12
Kolkata,2023-09-04 05:00:00,83,31,67,56,24
Bangalore,2023-09-04 06:00:00,83,36,28,25,30
Mumbai,2023-09-04 07:00:00,73,116,41,22,21
Kolkata,2023-09-04 08:00:00,25,87,43,28,26
Chennai,2023-09-04 09:00:00,68,69,52,33,16
Kolkata,2023-09-04 10:00:00,18,135,40,11,17
Chennai,2023-09-04 11:00:00,51,98,43,19,19
Chennai,2023-09-04 12:00:00,96,92,35,18,8
Kolkata,2023-09-04 13:00:00,87,125,42,45,11
Chennai,2023-09-04 14:00:00,60,73,65,14,34
Chennai,2023-09-04 15:00:00,25,160,52,5,42
Mumbai,2023-09-04 16:00:00,82,54,54,5,37
Bangalore,2023-09-04 17:00:00,60,119,54,5,2
Bangalore,2023-09-04 18:00:00,5,154,36,54,1
Mumbai,2023-09-04 19:00:00,87,28,46,30,3
Kolkata,2023-09-04 20:00:00,59,74,18,39,19
Delhi,2023-09-04 21:00:00,102,141,65,39,1
Delhi,2023-09-04 22:00:00,21,142,5,31,10
Delhi,2023-09-04 23:00:00,5,82,38,28,34
Mumbai,2023-09-05 00:00:00,69,56,62,48,29
Mumbai,2023-09-05 01:00:00,70,133,12,32,11
Chennai,2023-09-05 02:00:00,5,143,47,55,12
Delhi,2023-09-05 03:00:00,25,37,26,41,24
Kolkata,2023-09-05 04:00:00,156,35,32,18,29
Kolkata,2023-09-05 05:00:00,49,100,58,21,11
Delhi,2023-09-05 06:00:00,85,118,43,16,15
Delhi,2023-09-05 07:00:00,37,76,5,51,11
Delhi,2023-09-05 08:00:00,5,120,20,22,2
Mumbai,2023-09-05 09:00:00,54,58,59,15,15
Mumbai,2023-09-05 10:00:00,50,10,48,35,14
Mumbai,2023-09-05 11:00:00,46,70,74,28,2
Bangalore,2023-09-05 12:00:00,55,92,73,35,25
Kolkata,2023-09-05 13:00:00,69,77,33,64,23
Kolkata,2023-09-05 14:00:00,54,37,90,46,26
Chennai,2023-09-05 15:00:00,15,10,40,30,8
Mumbai,2023-09-05 16:00:00,77,66,20,5,1
Bangalore,2023-09-05 17:00:00,5,130,27,21,23
Bangalore,2023-09-05 18:00:00,5,146,5,42,10
Kolkata,2023-09-05 19:00:00,85,143,72,8,7
Mumbai,2023-09-05 20:00:00,77,53,71,68,2
Chennai,2023-09-05 21:00:00,57,38,19,30,14
Mumbai,2023-09-05 22:00:00,11,112,35,30,36
Delhi,2023-09-05 23:00:00,35,118,41,18,11
Mumbai,2023-09-06 00:00:00,50,108,20,38,4
Delhi,2023-09-06 01:00:00,5,10,5,9,25
Delhi,2023-09-06 02:00:00,34,50,35,68,20
Chennai,2023-09-06 03:00:00,82,88,33,53,1
Kolkata,2023-09-06 04:00:00,109,111,32,47,25
Mumbai,2023-09-06 05:00:00,45,124,44,5,43
Delhi,2023-09-06 06:00:00,86,96,68,33,1
Mumbai,2023-09-06 07:00:00,5,104,33,51,3
Kolkata,2023-09-06 08:00:00,83,93,43,40,1
Kolkata,2023-09-06 09:00:00,31,120,54,11,17
Bangalore,2023-09-06 10:00:00,70,104,51,18,29
Kolkata,2023-09-06 11:00:00,51,92,27,21,19
Chennai,2023-09-06 12:00:00,106,77,41,19,34
Delhi,2023-09-06 13:00:00,29,93,50,57,27
Bangalore,2023-09-06 14:00:00,81,111,17,5,38
Chennai,2023-09-06 15:00:00,50,102,65,41,31
Mumbai,2023-09-06 16:00:00,54,107,68,6,13
Delhi,2023-09-06 17:00:00,53,150,25,12,18
Kolkata,2023-09-06 18:00:00,30,101,43,5,7
Delhi,2023-09-06 19:00:00,59,60,52,20,15
Mumbai,2023-09-06 20:00:00,57,129,29,57,18
Bangalore,2023-09-06 21:00:00,68,28,49,34,16
Bangalore,2023-09-06 22:00:00,62,41,43,8,34
Bangalore,2023-09-06 23:00:00,87,105,10,48,14
Kolkata,2023-09-07 00:00:00,92,113,49,52,6
Chennai,2023-09-07 01:00:00,23,33,17,31,7
Chennai,2023-09-07 02:00:00,90,72,58,66,25
Delhi,2023-09-07 03:00:00,18,62,26,44,1
Kolkata,2023-09-07 04:00:00,80,68,36,42,15
Bangalore,2023-09-07 05:00:00,81,132,67,15,33
Bangalore,2023-09-07 06:00:00,5,121,49,41,21
Mumbai,2023-09-07 07:00:00,63,89,18,33,17
Mumbai,2023-09-07 08:00:00,43,65,19,39,17
Bangalore,2023-09-07 09:00:00,33,29,28,17,5
Bangalore,2023-09-07 10:00:00,107,153,47,32,7
Kolkata,2023-09-07 11:00:00,37,116,47,15,15
Chennai,2023-09-07 12:00:00,31,58,23,5,21
Mumbai,2023-09-07 13:00:00,62,122,16,47,29
Chennai,2023-09-07 14:00:00,83,86,45,5,19
Kolkata,2023-09-07 15:00:00,55,77,36,31,34
Bangalore,2023-09-07 16:00:00,100,109,83,35,37
Chennai,2023-09-07 17:00:00,78,56,40,35,27
Bangalore,2023-09-07 18:00:00,5,74,76,24,32
Bangalore,2023-09-07 19:00:00,41,95,16,34,6
Delhi,2023-09-07 20:00:00,40,67,8,38,4
Chennai,2023-09-07 21:00:00,76,120,17,43,24
Chennai,2023-09-07 22:00:00,5,174,63,61,1
Bangalore,2023-09-07 23:00:00,149,56,75,34,14
Kolkata,2023-09-08 00:00:00,78,15,24,31,27
Delhi,2023-09-08 01:00:00,65,10,30,13,34
Bangalore,2023-09-08 02:00:00,101,83,16,37,14
Mumbai,2023-09-08 03:00:00,142,60,5,42,10
Mumbai,2023-09-08 04:00:00,90,99,54,26,21
Delhi,2023-09-08 05:00:00,93,95,44,39,5
Kolkata,2023-09-08 06:00:00,64,17,40,24,15
Bangalore,2023-09-08 07:00:00,55,10,11,42,17
Chennai,2023-09-08 08:00:00,43,103,72,46,17
Delhi,2023-09-08 09:00:00,31,96,29,46,19
Kolkata,2023-09-08 10:00:00,35,70,50,32,7
Chennai,2023-09-08 11:00:00,12,15,10,11,9
Mumbai,2023-09-08 12:00:00,57,111,36,18,9
Mumbai,2023-09-08 13:00:00,5,147,45,40,1
Chennai,2023-09-08 14:00:00,66,102,46,74,22
Delhi,2023-09-08 15:00:00,58,51,43,23,28
Mumbai,2023-09-08 16:00:00,65,92,49,38,27
Bangalore,2023-09-08 17:00:00,41,28,17,19,14
Chennai,2023-09-08 18:00:00,167,137,43,12,8
Chennai,2023-09-08 19:00:00,107,93,42,17,26
Mumbai,2023-09-08 20:00:00,16,10,44,5,25
Delhi,2023-09-08 21:00:00,68,76,41,54,20
Bangalore,2023-09-08 22:00:00,38,110,14,5,38
Delhi,2023-09-08 23:00:00,24,75,13,25,17
Kolkata,2023-09-09 00:00:00,13,77,5,8,14
Kolkata,2023-09-09 01:00:00,75,34,56,14,13
Mumbai,2023-09-09 02:00:00,36,115,56,54,1
Mumbai,2023-09-09 03:00:00,93,60,56,33,25
Mumbai,2023-09-09 04:00:00,94,10,46,12,16
Kolkata,2023-09-09 05:00:00,108,73,5,19,24
Delhi,2023-09-09 06:00:00,30,134,19,16,40
Delhi,2023-09-09 07:00:00,76,72,43,29,13
Mumbai,2023-09-09 08:00:00,82,168,42,33,1
Bangalore,2023-09-09 09:00:00,43,109,35,64,23
Delhi,2023-09-09 10:00:00,32,105,47,5,20
Kolkata,2023-09-09 11:00:00,116,84,40,29,9
Chennai,2023-09-09 12:00:00,67,86,42,24,22
Chennai,2023-09-09 13:00:00,82,78,27,47,27
Chennai,2023-09-09 14:00:00,31,76,59,36,6
Bangalore,2023-09-09 15:00:00,17,113,31,40,14
Mumbai,2023-09-09 16:00:00,40,47,13,36,35
Kolkata,2023-09-09 17:00:00,55,41,24,13,9
Bangalore,2023-09-09 18:00:00,22,39,33,51,18
Kolkata,2023-09-09 19:00:00,59,182,59,44,1
Kolkata,2023-09-09 20:00:00,5,113,39,46,1
Mumbai,2023-09-09 21:00:00,20,103,36,52,19
Chennai,2023-09-09 22:00:00,83,42,15,37,32
Mumbai,2023-09-09 23:00:00,81,118,55,56,1
Bangalore,2023-09-10 00:00:00,46,84,26,36,18
Bangalore,2023-09-10 01:00:00,24,99,37,26,13
Bangalore,2023-09-10 02:00:00,24,46,69,29,29
Mumbai,2023-09-10 03:00:00,46,97,50,29,3
Kolkata,2023-09-10 04:00:00,82,70,7,20,23
Kolkata,2023-09-10 05:00:00,92,55,5,59,10
Delhi,2023-09-10 06:00:00,42,123,38,35,20
Bangalore,2023-09-10 07:00:00,19,20,15,31,18
Kolkata,2023-09-10 08:00:00,69,115,52,36,14
Delhi,2023-09-10 09:00:00,31,120,40,83,23
Kolkata,2023-09-10 10:00:00,41,50,43,9,18
Bangalore,2023-09-10 11:00:00,106,53,25,14,16
Chennai,2023-09-10 12:00:00,88,79,74,5,13
Bangalore,2023-09-10 13:00:00,65,102,96,25,18
Mumbai,2023-09-10 14:00:00,15,83,34,34,20
Kolkata,2023-09-10 15:00:00,67,109,47,21,6
Kolkata,2023-09-10 16:00:00,97,169,41,20,13
Mumbai,2023-09-10 17:00:00,46,67,34,32,5
Mumbai,2023-09-10 18:00:00,107,12,23,20,17
Chennai,2023-09-10 19:00:00,105,127,18,35,10
Kolkata,2023-09-10 20:00:00,118,165,17,50,27
Kolkata,2023-09-10 21:00:00,70,107,48,42,26
Chennai,2023-09-10 22:00:00,80,41,29,45,6
Delhi,2023-09-10 23:00:00,109,84,5,49,17
Chennai,2023-09-11 00:00:00,75,39,48,35,25
Bangalore,2023-09-11 01:00:00,42,118,39,27,15
Kolkata,2023-09-11 02:00:00,44,29,66,16,9
Mumbai,2023-09-11 03:00:00,68,76,47,22,4
Bangalore,2023-09-11 04:00:00,14,44,10,20,28
Kolkata,2023-09-11 05:00:00,54,95,5,43,28
Chennai,2023-09-11 06:00:00,98,73,25,36,15
Bangalore,2023-09-11 07:00:00,5,97,27,42,27
Kolkata,2023-09-11 08:00:00,113,91,58,9,1
Delhi,2023-09-11 09:00:00,99,45,39,55,33
Delhi,2023-09-11 10:00:00,43,118,62,22,16
Mumbai,2023-09-11 11:00:00,79,87,13,10,19
Kolkata,2023-09-11 12:00:00,60,45,59,22,14
Delhi,2023-09-11 13:00:00,103,190,54,74,34
Chennai,2023-09-11 14:00:00,94,111,5,23,5
Kolkata,2023-09-11 15:00:00,10,83,66,24,35
Chennai,2023-09-11 16:00:00,80,153,41,26,22
Chennai,2023-09-11 17:00:00,52,172,47,27,25
Delhi,2023-09-11 18:00:00,62,83,22,15,14
Kolkata,2023-09-11 19:00:00,34,105,65,32,2
Bangalore,2023-09-11 20:00:00,121,45,16,49,29
Delhi,2023-09-11 21:00:00,96,83,56,35,21
Delhi,2023-09-11 22:00:00,34,81,56,9,34
Kolkata,2023-09-11 23:00:00,13,98,20,23,15
Kolkata,2023-09-12 00:00:00,46,104,79,20,12
Chennai,2023-09-12 01:00:00,75,115,44,30,34
Kolkata,2023-09-12 02:00:00,68,100,53,53,40
Chennai,2023-09-12 03:00:00,103,35,9,27,18
Delhi,2023-09-12 04:00:00,87,47,82,28,8
Mumbai,2023-09-12 05:00:00,93,65,15,61,27
Bangalore,2023-09-12 06:00:00,71,77,60,45,14
Delhi,2023-09-12 07:00:00,11,137,20,40,25
Kolkata,2023-09-12 08:00:00,53,37,27,65,14
Bangalore,2023-09-12 09:00:00,97,73,55,38,36
Mumbai,2023-09-12 10:00:00,58,132,60,5,9
Mumbai,2023-09-12 11:00:00,77,76,14,44,23
Chennai,2023-09-12 12:00:00,48,110,61,5,12
Bangalore,2023-09-12 13:00:00,23,83,60,38,14
Chennai,2023-09-12 14:00:00,55,101,21,5,13
Delhi,2023-09-12 15:00:00,70,79,71,21,26
Bangalore,2023-09-12 16:00:00,37,120,10,23,29
Delhi,2023-09-12 17:00:00,51,20,27,16,24
Chennai,2023-09-12 18:00:00,27,73,49,23,16
Bangalore,2023-09-12 19:00:00,99,103,22,48,19
Chennai,2023-09-12 20:00:00,49,114,45,17,28
Bangalore,2023-09-12 21:00:00,110,157,44,39,29
Chennai,2023-09-12 22:00:00,113,72,36,12,1
Mumbai,2023-09-12 23:00:00,57,156,56,26,14
Chennai,2023-09-13 00:00:00,24,60,35,35,15
Mumbai,2023-09-13 01:00:00,5,149,44,12,26
Chennai,2023-09-13 02:00:00,8,126,62,6,17
Bangalore,2023-09-13 03:00:00,11,48,55,38,26
Bangalore,2023-09-13 04:00:00,108,103,55,50,5
Bangalore,2023-09-13 05:00:00,64,87,17,28,21
Kolkata,2023-09-13 06:00:00,73,118,50,21,28
Delhi,2023-09-13 07:00:00,5,79,22,32,1
Bangalore,2023-09-13 08:00:00,18,76,14,30,48
Mumbai,2023-09-13 09:00:00,91,151,38,34,32
Bangalore,2023-09-13 10:00:00,70,85,21,5,18
Kolkata,2023-09-13 11:00:00,54,127,55,10,8
Mumbai,2023-09-13 12:00:00,79,79,56,14,15
Kolkata,2023-09-13 13:00:00,117,164,5,32,19
Mumbai,2023-09-13 14:00:00,52,59,23,33,23
Chennai,2023-09-13 15:00:00,62,62,10,41,36
Delhi,2023-09-13 16:00:00,66,158,30,34,12
Delhi,2023-09-13 17:00:00,143,69,49,6,24
Kolkata,2023-09-13 18:00:00,5,162,35,56,2
Delhi,2023-09-13 19:00:00,83,130,28,52,13
Kolkata,2023-09-13 20:00:00,55,83,66,7,22
Kolkata,2023-09-13 21:00:00,79,10,5,35,26
Kolkata,2023-09-13 22:00:00,36,89,64,19,8
Delhi,2023-09-13 23:00:00,58,94,29,32,12
Kolkata,2023-09-14 00:00:00,84,142,38,48,35
Delhi,2023-09-14 01:00:00,168,161,29,68,31
Kolkata,2023-09-14 02:00:00,88,59,70,43,20
Bangalore,2023-09-14 03:00:00,30,126,15,35,1
Kolkata,2023-09-14 04:00:00,45,124,40,23,48
Mumbai,2023-09-14 05:00:00,44,138,50,33,17
Kolkata,2023-09-14 06:00:00,5,112,7,54,14
Chennai,2023-09-14 07:00:00,48,10,21,29,11
Kolkata,2023-09-14 08:00:00,85,83,37,14,22
Mumbai,2023-09-14 09:00:00,15,37,22,5,22
Mumbai,2023-09-14 10:00:00,96,80,23,39,29
Delhi,2023-09-14 11:00:00,77,134,33,34,6
Bangalore,2023-09-14 12:00:00,34,103,52,18,14
Kolkata,2023-09-14 13:00:00,55,141,33,48,42
Delhi,2023-09-14 14:00:00,115,105,61,22,20
Bangalore,2023-09-14 15:00:00,85,31,20,27,15
Kolkata,2023-09-14 16:00:00,60,10,14,29,6
Chennai,2023-09-14 17:00:00,51,96,78,23,24
Kolkata,2023-09-14 18:00:00,62,80,26,34,30
Mumbai,2023-09-14 19:00:00,42,46,13,50,28
Mumbai,2023-09-14 20:00:00,5,13,5,9,14
Chennai,2023-09-14 21:00:00,131,56,61,38,22
Delhi,2023-09-14 22:00:00,65,81,33,33,38
Bangalore,2023-09-14 23:00:00,73,119,34,32,30
Kolkata,2023-09-15 00:00:00,57,98,36,45,8
Mumbai,2023-09-15 01:00:00,34,162,60,30,1
Delhi,2023-09-15 02:00:00,53,43,36,38,21
Chennai,2023-09-15 03:00:00,5,129,86,42,27
Mumbai,2023-09-15 04:00:00,139,92,42,20,4
Chennai,2023-09-15 05:00:00,16,121,61,35,17
Kolkata,2023-09-15 06:00:00,23,70,56,25,14
Bangalore,2023-09-15 07:00:00,44,138,39,27,19
Mumbai,2023-09-15 08:00:00,105,103,28,24,11
Mumbai,2023-09-15 09:00:00,60,59,46,38,33
Kolkata,2023-09-15 10:00:00,16,89,50,31,19
Delhi,2023-09-15 11:00:00,103,79,28,37,7
Bangalore,2023-09-15 12:00:00,85,112,43,29,29
Mumbai,2023-09-15 13:00:00,78,36,64,5,2
Bangalore,2023-09-15 14:00:00,85,88,81,30,33
Mumbai,2023-09-15 15:00:00,143,107,57,31,29
Bangalore,2023-09-15 16:00:00,136,91,77,34,34
Chennai,2023-09-15 17:00:00,35,150,27,19,16
Mumbai,2023-09-15 18:00:00,116,124,54,8,12
Bangalore,2023-09-15 19:00:00,73,89,66,41,19
Delhi,2023-09-15 20:00:00,77,99,22,25,16
Chennai,2023-09-15 21:00:00,5,103,30,33,10
Chennai,2023-09-15 22:00:00,54,108,74,24,11
Delhi,2023-09-15 23:00:00,31,10,20,29,13
Bangalore,2023-09-16 00:00:00,88,76,13,21,3
Kolkata,2023-09-16 01:00:00,97,23,70,12,26
Delhi,2023-09-16 02:00:00,5,147,63,38,17
Bangalore,2023-09-16 03:00:00,59,87,48,19,14
Delhi,2023-09-16 04:00:00,99,81,39,32,4
Delhi,2023-09-16 05:00:00,53,130,31,37,4
Mumbai,2023-09-16 06:00:00,85,109,45,19,41
Bangalore,2023-09-16 07:00:00,72,39,71,8,10
Kolkata,2023-09-16 08:00:00,71,86,44,73,25
Mumbai,2023-09-16 09:00:00,50,74,83,20,19
Delhi,2023-09-16 10:00:00,17,11,22,41,1
Delhi,2023-09-16 11:00:00,20,58,39,64,39
Delhi,2023-09-16 12:00:00,84,81,32,44,26
Bangalore,2023-09-16 13:00:00,60,84,18,24,8
Bangalore,2023-09-16 14:00:00,55,23,36,28,17
Mumbai,2023-09-16 15:00:00,45,141,48,15,4
Kolkata,2023-09-16 16:00:00,49,85,50,45,39
Mumbai,2023-09-16 17:00:00,96,91,83,40,7
Chennai,2023-09-16 18:00:00,48,108,49,20,11
Delhi,2023-09-16 19:00:00,13,54,63,11,9
Delhi,2023-09-16 20:00:00,86,110,41,6,18
Delhi,2023-09-16 21:00:00,52,73,73,47,34
Mumbai,2023-09-16 22:00:00,61,49,87,32,39
Mumbai,2023-09-16 23:00:00,116,115,50,33,13
Delhi,2023-09-17 00:00:00,59,157,20,15,22
Mumbai,2023-09-17 01:00:00,70,122,29,5,18
Bangalore,2023-09-17 02:00:00,18,131,45,47,6
Bangalore,2023-09-17 03:00:00,52,66,49,30,47
Mumbai,2023-09-17 04:00:00,81,18,53,46,34
Delhi,2023-09-17 05:00:00,5,157,49,23,20
Mumbai,2023-09-17 06:00:00,67,182,40,25,36
Mumbai,2023-09-17 07:00:00,63,159,27,42,32
Mumbai,2023-09-17 08:00:00,61,74,48,43,18
Chennai,2023-09-17 09:00:00,96,38,77,44,21
Bangalore,2023-09-17 10:00:00,71,42,60,24,36
Kolkata,2023-09-17 11:00:00,111,14,50,41,6
Kolkata,2023-09-17 12:00:00,25,85,60,49,38
Chennai,2023-09-17 13:00:00,64,162,32,28,15
Mumbai,2023-09-17 14:00:00,62,83,29,20,36
Chennai,2023-09-17 15:00:00,22,103,25,54,17
Chennai,2023-09-17 16:00:00,93,151,37,18,22
Delhi,2023-09-17 17:00:00,141,71,31,41,17
Bangalore,2023-09-17 18:00:00,59,181,64,28,11
Kolkata,2023-09-17 19:00:00,77,179,30,5,14
Mumbai,2023-09-17 20:00:00,62,84,23,50,34
Kolkata,2023-09-17 21:00:00,35,64,78,5,1
Kolkata,2023-09-17 22:00:00,5,121,30,5,3
Bangalore,2023-09-17 23:00:00,35,74,43,39,9
Kolkata,2023-09-18 00:00:00,11,37,49,39,5
Kolkata,2023-09-18 01:00:00,119,147,17,18,36
Chennai,2023-09-18 02:00:00,55,144,64,32,33
Bangalore,2023-09-18 03:00:00,47,96,52,5,25
Delhi,2023-09-18 04:00:00,91,33,71,42,10
Mumbai,2023-09-18 05:00:00,20,34,26,34,34
Kolkata,2023-09-18 06:00:00,33,94,41,29,1
Mumbai,2023-09-18 07:00:00,62,67,40,30,43
Delhi,2023-09-18 08:00:00,96,74,45,38,9
Mumbai,2023-09-18 09:00:00,77,135,10,29,14
Delhi,2023-09-18 10:00:00,68,122,42,5,12
Chennai,2023-09-18 11:00:00,62,152,11,69,5
Kolkata,2023-09-18 12:00:00,74,45,47,51,41
Delhi,2023-09-18 13:00:00,67,74,5,6,27
Mumbai,2023-09-18 14:00:00,23,124,5,23,32
Kolkata,2023-09-18 15:00:00,61,110,56,25,3
Chennai,2023-09-18 16:00:00,22,158,29,49,20
Kolkata,2023-09-18 17:00:00,62,108,20,5,24
Delhi,2023-09-18 18:00:00,43,173,65,21,21
Chennai,2023-09-18 19:00:00,148,114,46,5,4
Mumbai,2023-09-18 20:00:00,58,137,57,24,30
Chennai,2023-09-18 21:00:00,10,75,36,21,19
Chennai,2023-09-18 22:00:00,55,90,93,31,6
Bangalore,2023-09-18 23:00:00,78,130,27,19,1
Chennai,2023-09-19 00:00:00,118,162,74,16,25
Chennai,2023-09-19 01:00:00,39,122,38,41,47
Kolkata,2023-09-19 02:00:00,5,86,6,38,5
Mumbai,2023-09-19 03:00:00,88,151,49,39,20
Kolkata,2023-09-19 04:00:00,11,10,46,26,31
Kolkata,2023-09-19 05:00:00,44,25,18,19,2
Delhi,2023-09-19 06:00:00,50,120,21,27,12
Kolkata,2023-09-19 07:00:00,57,90,39,39,7
Bangalore,2023-09-19 08:00:00,84,117,46,5,29
Bangalore,2023-09-19 09:00:00,36,92,5,37,33
Delhi,2023-09-19 10:00:00,50,115,61,35,19
Mumbai,2023-09-19 11:00:00,59,53,30,31,7
Mumbai,2023-09-19 12:00:00,65,115,13,27,12
Kolkata,2023-09-19 13:00:00,63,134,58,5,10
Kolkata,2023-09-19 14:00:00,75,144,39,22,6
Kolkata,2023-09-19 15:00:00,89,180,64,62,16
Mumbai,2023-09-19 16:00:00,73,100,48,30,24
Chennai,2023-09-19 17:00:00,75,102,39,24,23
Bangalore,2023-09-19 18:00:00,5,21,36,30,17
Chennai,2023-09-19 19:00:00,61,66,49,36,18
Chennai,2023-09-19 20:00:00,76,81,31,41,17
Mumbai,2023-09-19 21:00:00,85,137,22,25,2
Chennai,2023-09-19 22:00:00,35,62,52,37,19
Delhi,2023-09-19 23:00:00,36,125,37,60,10
Kolkata,2023-09-20 00:00:00,39,89,40,48,1
Delhi,2023-09-20 01:00:00,78,82,61,72,22
Bangalore,2023-09-20 02:00:00,96,101,37,18,10
Kolkata,2023-09-20 03:00:00,45,72,40,60,20
Chennai,2023-09-20 04:00:00,91,70,28,15,28
Bangalore,2023-09-20 05:00:00,64,13,48,36,6
Kolkata,2023-09-20 06:00:00,55,78,46,43,19
Chennai,2023-09-20 07:00:00,52,68,58,20,1
Delhi,2023-09-20 08:00:00,86,66,28,31,36
Kolkata,2023-09-20 09:00:00,71,108,30,46,1
Chennai,2023-09-20 10:00:00,139,119,55,17,11
Delhi,2023-09-20 11:00:00,30,100,45,60,34
Bangalore,2023-09-20 12:00:00,78,134,21,5,15
Bangalore,2023-09-20 13:00:00,41,115,66,64,3
Bangalore,2023-09-20 14:00:00,29,76,6,48,26
Bangalore,2023-09-20 15:00:00,59,69,55,28,26
Mumbai,2023-09-20 16:00:00,64,104,14,22,10
Kolkata,2023-09-20 17:00:00,162,115,77,20,11
Kolkata,2023-09-20 18:00:00,53,152,9,27,12
Mumbai,2023-09-20 19:00:00,20,143,63,29,15
Chennai,2023-09-20 20:00:00,69,65,38,52,1
Chennai,2023-09-20 21:00:00,5,85,32,65,15
Bangalore,2023-09-20 22:00:00,56,120,43,33,39
Delhi,2023-09-20 23:00:00,60,138,52,14,7
Chennai,2023-09-21 00:00:00,87,132,21,20,10
Delhi,2023-09-21 01:00:00,94,87,23,26,3
Kolkata,2023-09-21 02:00:00,42,33,52,11,25
Delhi,2023-09-21 03:00:00,54,45,5,8,32
Kolkata,2023-09-21 04:00:00,33,102,28,67,32
Mumbai,2023-09-21 05:00:00,20,105,100,35,3
Mumbai,2023-09-21 06:00:00,70,40,20,15,23
Bangalore,2023-09-21 07:00:00,15,92,62,44,35
Chennai,2023-09-21 08:00:00,45,118,28,8,24
Bangalore,2023-09-21 09:00:00,25,38,50,10,23
Kolkata,2023-09-21 10:00:00,79,139,53,15,12
Bangalore,2023-09-21 11:00:00,123,73,62,59,20
Delhi,2023-09-21 12:00:00,14,146,35,25,32
Kolkata,2023-09-21 13:00:00,5,65,79,5,21
Mumbai,2023-09-21 14:00:00,55,43,28,51,3
Chennai,2023-09-21 15:00:00,60,69,44,24,12
Kolkata,2023-09-21 16:00:00,67,85,44,5,32
Kolkata,2023-09-21 17:00:00,44,72,17,24,21
Delhi,2023-09-21 18:00:00,52,80,34,39,19
Chennai,2023-09-21 19:00:00,72,105,43,37,11
Mumbai,2023-09-21 20:00:00,96,82,31,62,32
Kolkata,2023-09-21 21:00:00,5,87,88,14,37
Kolkata,2023-09-21 22:00:00,47,13,23,30,33
Delhi,2023-09-21 23:00:00,67,107,63,17,35
Bangalore,2023-09-22 00:00:00,27,85,57,5,13
Mumbai,2023-09-22 01:00:00,120,162,39,45,11
Chennai,2023-09-22 02:00:00,37,47,22,38,16
Kolkata,2023-09-22 03:00:00,58,10,24,35,18
Kolkata,2023-09-22 04:00:00,79,117,29,37,35
Mumbai,2023-09-22 05:00:00,39,105,5,17,31
Bangalore,2023-09-22 06:00:00,5,44,19,11,24
Kolkata,2023-09-22 07:00:00,44,21,10,30,1
Mumbai,2023-09-22 08:00:00,96,159,66,50,1
Delhi,2023-09-22 09:00:00,48,153,52,58,20
Bangalore,2023-09-22 10:00:00,30,10,55,44,28
Chennai,2023-09-22 11:00:00,92,69,51,30,17
Kolkata,2023-09-22 12:00:00,48,164,43,34,40
Mumbai,2023-09-22 13:00:00,42,68,69,30,5
Delhi,2023-09-22 14:00:00,65,67,27,11,3
Chennai,2023-09-22 15:00:00,86,77,42,30,10
Mumbai,2023-09-22 16:00:00,143,39,54,5,9
Mumbai,2023-09-22 17:00:00,88,13,13,27,24
Chennai,2023-09-22 18:00:00,100,137,101,59,12
Delhi,2023-09-22 19:00:00,42,10,40,44,1
Delhi,2023-09-22 20:00:00,24,101,42,13,28
Bangalore,2023-09-22 21:00:00,62,129,65,28,1
Kolkata,2023-09-22 22:00:00,63,24,58,14,5
Chennai,2023-09-22 23:00:00,22,48,40,28,1
Chennai,2023-09-23 00:00:00,53,144,42,48,20
Chennai,2023-09-23 01:00:00,73,113,9,41,20
Delhi,2023-09-23 02:00:00,72,62,28,74,40
Kolkata,2023-09-23 03:00:00,77,144,50,51,28
Bangalore,2023-09-23 04:00:00,70,144,48,33,35
Mumbai,2023-09-23 05:00:00,42,102,64,42,21
Mumbai,2023-09-23 06:00:00,42,49,37,26,6
Chennai,2023-09-23 07:00:00,18,71,12,9,19
Kolkata,2023-09-23 08:00:00,122,102,61,53,25
Delhi,2023-09-23 09:00:00,60,81,68,48,26
Kolkata,2023-09-23 10:00:00,52,132,57,25,12
Kolkata,2023-09-23 11:00:00,27,21,36,34,23
Delhi,2023-09-23 12:00:00,162,22,60,52,6
Chennai,2023-09-23 13:00:00,22,98,108,45,5
Kolkata,2023-09-23 14:00:00,44,67,42,5,4
Mumbai,2023-09-23 15:00:00,74,61,13,34,18
Delhi,2023-09-23 16:00:00,81,10,28,26,3
Bangalore,2023-09-23 17:00:00,93,90,52,50,12
Chennai,2023-09-23 18:00:00,123,87,7,48,28
Delhi,2023-09-23 19:00:00,77,119,43,53,5
Bangalore,2023-09-23 20:00:00,23,93,47,9,11
Bangalore,2023-09-23 21:00:00,51,84,70,15,18
Kolkata,2023-09-23 22:00:00,70,142,66,50,20
Kolkata,2023-09-23 23:00:00,132,30,57,19,12
Kolkata,2023-09-24 00:00:00,11,114,5,5,27
Delhi,2023-09-24 01:00:00,102,14,58,39,25
Delhi,2023-09-24 02:00:00,66,52,54,20,31
Chennai,2023-09-24 03:00:00,89,35,45,62,17
Kolkata,2023-09-24 04:00:00,56,125,5,35,11
Bangalore,2023-09-24 05:00:00,30,87,24,32,9
Mumbai,2023-09-24 06:00:00,86,89,16,23,21
Chennai,2023-09-24 07:00:00,82,40,5,58,13
Delhi,2023-09-24 08:00:00,94,76,39,36,11
Chennai,2023-09-24 09:00:00,59,55,24,22,12
Chennai,2023-09-24 10:00:00,39,107,92,15,9
Chennai,2023-09-24 11:00:00,5,45,36,28,20
Chennai,2023-09-24 12:00:00,88,149,65,12,1
Mumbai,2023-09-24 13:00:00,74,14,8,48,21
Kolkata,2023-09-24 14:00:00,26,53,29,5,26
Bangalore,2023-09-24 15:00:00,41,165,41,27,11
Chennai,2023-09-24 16:00:00,43,70,21,40,41
Chennai,2023-09-24 17:00:00,8,30,31,36,18
Chennai,2023-09-24 18:00:00,31,99,35,17,1
Kolkata,2023-09-24 19:00:00,20,68,35,41,14
Delhi,2023-09-24 20:00:00,45,52,77,14,18
Delhi,2023-09-24 21:00:00,34,40,47,29,23
Mumbai,2023-09-24 22:00:00,5,214,49,41,14
Delhi,2023-09-24 23:00:00,130,78,50,38,5
Chennai,2023-09-25 00:00:00,103,10,52,17,4
Chennai,2023-09-25 01:00:00,32,157,38,51,10
Chennai,2023-09-25 02:00:00,69,117,33,31,11
Mumbai,2023-09-25 03:00:00,74,55,43,43,4
Chennai,2023-09-25 04:00:00,101,48,63,57,9
Delhi,2023-09-25 05:00:00,31,120,62,50,25
Kolkata,2023-09-25 06:00:00,98,78,35,50,37
Kolkata,2023-09-25 07:00:00,40,10,55,33,27
Bangalore,2023-09-25 08:00:00,13,170,36,44,33
Delhi,2023-09-25 09:00:00,85,70,40,33,29
Chennai,2023-09-25 10:00:00,105,157,30,8,27
Kolkata,2023-09-25 11:00:00,150,147,36,35,13
Delhi,2023-09-25 12:00:00,18,44,66,34,19
Kolkata,2023-09-25 13:00:00,84,136,41,40,12
Chennai,2023-09-25 14:00:00,45,60,42,27,15
Kolkata,2023-09-25 15:00:00,87,10,11,16,18
Bangalore,2023-09-25 16:00:00,8,70,33,41,26
Bangalore,2023-09-25 17:00:00,15,107,35,6,23
Kolkata,2023-09-25 18:00:00,32,69,23,56,16
Delhi,2023-09-25 19:00:00,62,76,40,25,18
Delhi,2023-09-25 20:00:00,37,141,31,34,23
Delhi,2023-09-25 21:00:00,83,94,41,40,26
Kolkata,2023-09-25 22:00:00,95,52,42,40,1
Delhi,2023-09-25 23:00:00,80,121,20,5,5
Chennai,2023-09-26 00:00:00,116,98,32,44,31
Bangalore,2023-09-26 01:00:00,74,10,41,35,17
Chennai,2023-09-26 02:00:00,17,109,63,18,12
Delhi,2023-09-26 03:00:00,107,107,45,16,14
Chennai,2023-09-26 04:00:00,38,90,26,23,14
Delhi,2023-09-26 05:00:00,91,130,47,6,24
Kolkata,2023-09-26 06:00:00,115,59,74,61,4
Chennai,2023-09-26 07:00:00,75,105,58,56,18
Kolkata,2023-09-26 08:00:00,7,19,50,38,20
Kolkata,2023-09-26 09:00:00,27,108,54,25,22
Mumbai,2023-09-26 10:00:00,106,177,68,26,20
Delhi,2023-09-26 11:00:00,54,45,61,43,24
Bangalore,2023-09-26 12:00:00,62,55,51,61,11
Delhi,2023-09-26 13:00:00,86,58,61,19,6
Bangalore,2023-09-26 14:00:00,84,95,18,9,47
Delhi,2023-09-26 15:00:00,69,42,9,57,14
Kolkata,2023-09-26 16:00:00,52,108,43,5,15
Chennai,2023-09-26 17:00:00,49,128,41,11,26
Chennai,2023-09-26 18:00:00,90,114,29,25,37
Mumbai,2023-09-26 19:00:00,79,10,56,5,11
Bangalore,2023-09-26 20:00:00,50,134,5,50,6
Bangalore,2023-09-26 21:00:00,97,132,29,45,3
Bangalore,2023-09-26 22:00:00,55,127,30,19,37
Kolkata,2023-09-26 23:00:00,30,106,7,53,5
Bangalore,2023-09-27 00:00:00,33,99,69,56,17
Chennai,2023-09-27 01:00:00,25,136,12,27,6
Kolkata,2023-09-27 02:00:00,50,176,28,21,1
Delhi,2023-09-27 03:00:00,103,47,58,70,14
Bangalore,2023-09-27 04:00:00,31,138,52,42,6
Bangalore,2023-09-27 05:00:00,66,86,17,34,9
Delhi,2023-09-27 06:00:00,37,84,53,54,42
Bangalore,2023-09-27 07:00:00,50,20,45,35,23
Delhi,2023-09-27 08:00:00,7,77,86,20,29
Kolkata,2023-09-27 09:00:00,52,45,48,31,27
Chennai,2023-09-27 10:00:00,53,69,37,48,16
Delhi,2023-09-27 11:00:00,78,40,22,5,12
Mumbai,2023-09-27 12:00:00,67,69,25,24,20
Delhi,2023-09-27 13:00:00,18,71,23,54,20
Bangalore,2023-09-27 14:00:00,97,94,67,20,11
Kolkata,2023-09-27 15:00:00,67,17,40,57,19
Kolkata,2023-09-27 16:00:00,66,24,51,55,9
Delhi,2023-09-27 17:00:00,59,106,70,28,15
Chennai,2023-09-27 18:00:00,41,54,5,19,13
Mumbai,2023-09-27 19:00:00,67,138,65,24,2
Kolkata,2023-09-27 20:00:00,76,100,41,77,1
Bangalore,2023-09-27 21:00:00,5,117,48,63,6
Bangalore,2023-09-27 22:00:00,41,153,23,32,39
Chennai,2023-09-27 23:00:00,51,76,24,19,14
Kolkata,2023-09-28 00:00:00,68,64,49,32,27
Delhi,2023-09-28 01:00:00,101,129,87,34,1
Bangalore,2023-09-28 02:00:00,32,112,60,7,5
Chennai,2023-09-28 03:00:00,42,81,65,31,1
Kolkata,2023-09-28 04:00:00,42,152,36,53,15
Kolkata,2023-09-28 05:00:00,31,80,27,5,47
Kolkata,2023-09-28 06:00:00,47,91,24,44,23
Kolkata,2023-09-28 07:00:00,86,90,30,54,38
Kolkata,2023-09-28 08:00:00,23,47,5,19,14
Bangalore,2023-09-28 09:00:00,74,93,25,60,34
Chennai,2023-09-28 10:00:00,5,152,28,17,42
Kolkata,2023-09-28 11:00:00,40,110,36,37,16
Mumbai,2023-09-28 12:00:00,48,91,42,24,11
Mumbai,2023-09-28 13:00:00,118,82,47,24,2
Chennai,2023-09-28 14:00:00,50,104,39,18,14
Delhi,2023-09-28 15:00:00,5,123,28,42,18
Delhi,2023-09-28 16:00:00,5,117,5,45,42
Delhi,2023-09-28 17:00:00,61,75,28,28,2
Mumbai,2023-09-28 18:00:00,81,104,20,5,18
Delhi,2023-09-28 19:00:00,73,111,49,37,1
Bangalore,2023-09-28 20:00:00,65,44,58,37,12
Kolkata,2023-09-28 21:00:00,100,97,58,26,21
Mumbai,2023-09-28 22:00:00,41,10,55,63,24
Chennai,2023-09-28 23:00:00,91,111,37,5,25
Chennai,2023-09-29 00:00:00,5,119,29,5,22
Kolkata,2023-09-29 01:00:00,28,123,25,16,24
Mumbai,2023-09-29 02:00:00,5,72,9,42,18
Delhi,2023-09-29 03:00:00,50,103,59,10,5
Delhi,2023-09-29 04:00:00,58,154,36,12,1
Bangalore,2023-09-29 05:00:00,63,153,15,47,11
Bangalore,2023-09-29 06:00:00,62,88,23,38,16
Delhi,2023-09-29 07:00:00,27,96,22,36,33
Chennai,2023-09-29 08:00:00,53,139,40,44,16
Chennai,2023-09-29 09:00:00,7,22,61,22,15
Bangalore,2023-09-29 10:00:00,107,75,33,23,22
Kolkata,2023-09-29 11:00:00,49,150,5,44,14
Delhi,2023-09-29 12:00:00,42,133,36,5,27
Bangalore,2023-09-29 13:00:00,115,106,36,5,41
Bangalore,2023-09-29 14:00:00,16,22,35,22,44
Delhi,2023-09-29 15:00:00,20,87,27,46,19
Delhi,2023-09-29 16:00:00,21,63,44,34,22
Chennai,2023-09-29 17:00:00,57,104,41,45,36
Kolkata,2023-09-29 18:00:00,75,53,39,5,16
Kolkata,2023-09-29 19:00:00,85,43,48,35,26
Delhi,2023-09-29 20:00:00,150,10,31,41,4
Mumbai,2023-09-29 21:00:00,5,144,30,5,14
Bangalore,2023-09-29 22:00:00,81,72,67,45,31
Bangalore,2023-09-29 23:00:00,40,97,51,27,9
Delhi,2023-09-30 00:00:00,39,89,56,85,16
Mumbai,2023-09-30 01:00:00,38,41,64,5,1
Chennai,2023-09-30 02:00:00,28,33,50,54,42
Delhi,2023-09-30 03:00:00,118,44,58,22,33
Delhi,2023-09-30 04:00:00,89,57,8,5,20
Bangalore,2023-09-30 05:00:00,60,106,44,20,24
Delhi,2023-09-30 06:00:00,107,54,36,34,22
Delhi,2023-09-30 07:00:00,7,168,73,48,34
Delhi,2023-09-30 08:00:00,13,136,58,60,11
Bangalore,2023-09-30 09:00:00,5,126,27,55,26
Chennai,2023-09-30 10:00:00,35,84,47,12,30
Chennai,2023-09-30 11:00:00,65,158,43,50,32
Delhi,2023-09-30 12:00:00,63,80,49,37,1
Bangalore,2023-09-30 13:00:00,65,88,19,18,10
Chennai,2023-09-30 14:00:00,10,97,47,26,5
Chennai,2023-09-30 15:00:00,88,121,35,17,19
Chennai,2023-09-30 16:00:00,68,118,45,30,1
Bangalore,2023-09-30 17:00:00,85,68,25,16,1
Bangalore,2023-09-30 18:00:00,5,66,28,11,44
Delhi,2023-09-30 19:00:00,70,118,63,38,25
Kolkata,2023-09-30 20:00:00,18,122,18,41,19
Chennai,2023-09-30 21:00:00,46,72,20,26,22
Kolkata,2023-09-30 22:00:00,78,18,38,54,19
Bangalore,2023-09-30 23:00:00,63,80,24,25,29
Bangalore,2023-10-01 00:00:00,30,118,22,24,10
Bangalore,2023-10-01 01:00:00,60,171,42,41,20
Kolkata,2023-10-01 02:00:00,6,36,9,27,20
Bangalore,2023-10-01 03:00:00,100,70,19,31,5
Delhi,2023-10-01 04:00:00,52,72,81,5,33
Bangalore,2023-10-01 05:00:00,99,151,49,30,12
Mumbai,2023-10-01 06:00:00,41,88,25,5,30
Kolkata,2023-10-01 07:00:00,41,49,48,8,19
Mumbai,2023-10-01 08:00:00,33,115,51,5,37
Bangalore,2023-10-01 09:00:00,90,71,59,11,5
Delhi,2023-10-01 10:00:00,35,34,37,20,4
Chennai,2023-10-01 11:00:00,82,49,59,21,7
Bangalore,2023-10-01 12:00:00,46,168,5,41,19
Delhi,2023-10-01 13:00:00,5,107,18,34,36
Kolkata,2023-10-01 14:00:00,40,94,43,5,37
Mumbai,2023-10-01 15:00:00,18,78,46,31,1
Mumbai,2023-10-01 16:00:00,61,103,21,35,20
Mumbai,2023-10-01 17:00:00,18,102,45,24,1
Kolkata,2023-10-01 18:00:00,92,103,27,28,27
Delhi,2023-10-01 19:00:00,56,95,34,33,31
Kolkata,2023-10-01 20:00:00,53,129,60,43,17
Mumbai,2023-10-01 21:00:00,82,91,58,5,19
Bangalore,2023-10-01 22:00:00,93,45,20,25,18
Chennai,2023-10-01 23:00:00,59,62,18,57,8
Kolkata,2023-10-02 00:00:00,33,10,31,55,23
Kolkata,2023-10-02 01:00:00,5,181,39,45,15
Delhi,2023-10-02 02:00:00,35,128,26,39,29
Delhi,2023-10-02 03:00:00,38,52,60,59,16
Kolkata,2023-10-02 04:00:00,63,77,46,64,7
Mumbai,2023-10-02 05:00:00,47,61,48,27,1
Chennai,2023-10-02 06:00:00,84,159,14,12,1
Delhi,2023-10-02 07:00:00,38,26,63,25,33
Mumbai,2023-10-02 08:00:00,58,95,5,85,12
Bangalore,2023-10-02 09:00:00,101,85,56,5,22
Delhi,2023-10-02 10:00:00,71,127,58,21,39
Mumbai,2023-10-02 11:00:00,57,85,31,5,11
Mumbai,2023-10-02 12:00:00,38,10,65,32,10
Chennai,2023-10-02 13:00:00,37,78,38,8,16
Chennai,2023-10-02 14:00:00,30,46,41,28,18
Bangalore,2023-10-02 15:00:00,41,93,46,5,40
Mumbai,2023-10-02 16:00:00,86,154,103,41,36
Mumbai,2023-10-02 17:00:00,52,11,66,52,25
Chennai,2023-10-02 18:00:00,12,53,54,23,35
Delhi,2023-10-02 19:00:00,121,65,21,27,15
Delhi,2023-10-02 20:00:00,71,72,42,27,21
Kolkata,2023-10-02 21:00:00,10,123,23,33,14
Chennai,2023-10-02 22:00:00,44,82,56,29,2
Kolkata,2023-10-02 23:00:00,63,108,42,43,32
Chennai,2023-10-03 00:00:00,119,61,17,52,24
Bangalore,2023-10-03 01:00:00,21,100,41,15,18
Mumbai,2023-10-03 02:00:00,94,125,23,24,17
Bangalore,2023-10-03 03:00:00,108,57,43,46,1
Chennai,2023-10-03 04:00:00,37,125,22,5,6
Mumbai,2023-10-03 05:00:00,50,92,40,5,22
Delhi,2023-10-03 06:00:00,23,137,55,34,11
Delhi,2023-10-03 07:00:00,52,80,38,38,15
Kolkata,2023-10-03 08:00:00,58,107,32,16,16
Chennai,2023-10-03 09:00:00,83,88,44,19,9
Chennai,2023-10-03 10:00:00,98,85,53,16,6
Delhi,2023-10-03 11:00:00,33,101,17,14,1
Bangalore,2023-10-03 12:00:00,5,114,45,42,16
Mumbai,2023-10-03 13:00:00,59,33,66,8,25
Bangalore,2023-10-03 14:00:00,70,154,51,25,1
Bangalore,2023-10-03 15:00:00,68,10,41,13,17
Delhi,2023-10-03 16:00:00,48,59,52,5,21
Delhi,2023-10-03 17:00:00,64,85,49,45,6
Delhi,2023-10-03 18:00:00,113,108,55,20,35
Kolkata,2023-10-03 19:00:00,73,160,5,33,13
Bangalore,2023-10-03 20:00:00,46,10,8,5,16
Chennai,2023-10-03 21:00:00,42,67,60,16,16
Mumbai,2023-10-03 22:00:00,54,10,9,43,1
Kolkata,2023-10-03 23:00:00,117,91,48,76,30
Chennai,2023-10-04 00:00:00,53,102,32,5,6
Bangalore,2023-10-04 01:00:00,59,161,20,26,15
Delhi,2023-10-04 02:00:00,43,95,46,37,25
Bangalore,2023-10-04 03:00:00,98,136,44,18,35
Mumbai,2023-10-04 04:00:00,128,116,82,45,5
Kolkata,2023-10-04 05:00:00,75,70,27,14,12
Kolkata,2023-10-04 06:00:00,62,26,68,32,34
Mumbai,2023-10-04 07:00:00,61,102,47,20,23
Chennai,2023-10-04 08:00:00,5,22,26,51,26
Chennai,2023-10-04 09:00:00,86,148,55,17,5
Kolkata,2023-10-04 10:00:00,64,82,51,23,13
Kolkata,2023-10-04 11:00:00,74,143,40,47,15
Delhi,2023-10-04 12:00:00,35,68,45,11,7
Chennai,2023-10-04 13:00:00,46,102,28,31,1
Mumbai,2023-10-04 14:00:00,45,99,23,5,11
Chennai,2023-10-04 15:00:00,95,87,55,10,34
Delhi,2023-10-04 16:00:00,46,70,35,36,18
Kolkata,2023-10-04 17:00:00,132,107,38,12,34
Kolkata,2023-10-04 18:00:00,75,48,45,20,20
Delhi,2023-10-04 19:00:00,15,35,45,38,8
Mumbai,2023-10-04 20:00:00,55,145,11,19,33
Kolkata,2023-10-04 21:00:00,37,122,65,44,20
Bangalore,2023-10-04 22:00:00,5,92,42,33,29
Kolkata,2023-10-04 23:00:00,115,164,35,37,5
Bangalore,2023-10-05 00:00:00,84,77,48,52,30
Delhi,2023-10-05 01:00:00,78,149,44,35,30
Delhi,2023-10-05 02:00:00,65,97,55,57,21
Kolkata,2023-10-05 03:00:00,11,43,50,46,8
Chennai,2023-10-05 04:00:00,43,173,54,20,17
Bangalore,2023-10-05 05:00:00,89,134,67,53,25
Mumbai,2023-10-05 06:00:00,23,84,57,34,20
Kolkata,2023-10-05 07:00:00,5,122,36,22,25
Mumbai,2023-10-05 08:00:00,52,71,17,35,30
Kolkata,2023-10-05 09:00:00,55,127,73,50,10
Chennai,2023-10-05 10:00:00,64,10,35,38,4
Chennai,2023-10-05 11:00:00,85,44,30,62,17
Chennai,2023-10-05 12:00:00,82,134,5,49,14
Chennai,2023-10-05 13:00:00,69,78,46,39,27
Delhi,2023-10-05 14:00:00,101,99,42,11,5
Delhi,2023-10-05 15:00:00,6,29,9,26,30
Bangalore,2023-10-05 16:00:00,77,173,49,31,34
Mumbai,2023-10-05 17:00:00,81,143,30,42,18
Kolkata,2023-10-05 18:00:00,16,80,93,41,18
Kolkata,2023-10-05 19:00:00,7,71,28,33,8
Delhi,2023-10-05 20:00:00,33,136,31,32,11
Kolkata,2023-10-05 21:00:00,36,179,22,42,13
Delhi,2023-10-05 22:00:00,86,132,65,14,35
Bangalore,2023-10-05 23:00:00,38,187,32,60,17
Mumbai,2023-10-06 00:00:00,30,48,25,5,2
Bangalore,2023-10-06 01:00:00,38,53,54,56,21
Chennai,2023-10-06 02:00:00,99,36,12,29,27
Chennai,2023-10-06 03:00:00,60,109,52,48,17
Chennai,2023-10-06 04:00:00,53,97,75,36,35
Bangalore,2023-10-06 05:00:00,56,83,51,36,27
Kolkata,2023-10-06 06:00:00,105,126,52,39,5
Mumbai,2023-10-06 07:00:00,33,145,57,44,11
Chennai,2023-10-06 08:00:00,106,21,74,24,20
Chennai,2023-10-06 09:00:00,67,63,64,48,1
Chennai,2023-10-06 10:00:00,54,126,48,10,22
Mumbai,2023-10-06 11:00:00,147,68,58,29,1
Chennai,2023-10-06 12:00:00,23,54,22,45,30
Mumbai,2023-10-06 13:00:00,47,135,55,47,28
Chennai,2023-10-06 14:00:00,16,31,19,38,24
Bangalore,2023-10-06 15:00:00,93,76,32,22,9
Bangalore,2023-10-06 16:00:00,119,104,5,46,20
Mumbai,2023-10-06 17:00:00,118,64,48,17,11
Bangalore,2023-10-06 18:00:00,102,125,27,61,5
Mumbai,2023-10-06 19:00:00,53,64,62,28,13
Bangalore,2023-10-06 20:00:00,47,153,47,5,26
Bangalore,2023-10-06 21:00:00,5,84,62,8,18
Mumbai,2023-10-06 22:00:00,131,120,18,30,35
Kolkata,2023-10-06 23:00:00,76,123,60,32,27
Bangalore,2023-10-07 00:00:00,42,61,82,65,25
Chennai,2023-10-07 01:00:00,106,10,55,11,1
Kolkata,2023-10-07 02:00:00,25,106,55,30,14
Mumbai,2023-10-07 03:00:00,74,93,43,10,5
Kolkata,2023-10-07 04:00:00,53,115,29,21,15
Delhi,2023-10-07 05:00:00,82,79,55,60,9
Delhi,2023-10-07 06:00:00,57,70,9,9,13
Bangalore,2023-10-07 07:00:00,9,180,31,40,30
Bangalore,2023-10-07 08:00:00,62,23,5,37,23
Chennai,2023-10-07 09:00:00,96,123,25,29,30
Kolkata,2023-10-07 10:00:00,58,64,52,39,1
Delhi,2023-10-07 11:00:00,87,74,50,9,18
Bangalore,2023-10-07 12:00:00,23,75,41,59,29
Kolkata,2023-10-07 13:00:00,59,53,43,64,36
Bangalore,2023-10-07 14:00:00,38,115,5,30,1
Bangalore,2023-10-07 15:00:00,86,152,32,73,13
Delhi,2023-10-07 16:00:00,61,111,26,22,30
Delhi,2023-10-07 17:00:00,84,94,26,37,15
Bangalore,2023-10-07 18:00:00,98,45,51,55,7
Mumbai,2023-10-07 19:00:00,84,113,22,21,1
Bangalore,2023-10-07 20:00:00,69,187,27,5,6
Bangalore,2023-10-07 21:00:00,25,72,5,5,1
Chennai,2023-10-07 22:00:00,59,73,34,67,18
Chennai,2023-10-07 23:00:00,41,64,18,20,28
Chennai,2023-10-08 00:00:00,47,67,41,26,2
Mumbai,2023-10-08 01:00:00,46,10,20,9,21
Mumbai,2023-10-08 02:00:00,25,108,42,47,28
Bangalore,2023-10-08 03:00:00,5,51,37,15,17
Chennai,2023-10-08 04:00:00,36,17,73,21,1
Mumbai,2023-10-08 05:00:00,66,123,49,35,22
Delhi,2023-10-08 06:00:00,12,41,5,10,17
Bangalore,2023-10-08 07:00:00,60,74,14,26,16
Kolkata,2023-10-08 08:00:00,126,155,41,55,11
Bangalore,2023-10-08 09:00:00,95,26,21,37,19
Kolkata,2023-10-08 10:00:00,117,21,5,32,24
Chennai,2023-10-08 11:00:00,73,102,66,33,46
Kolkata,2023-10-08 12:00:00,100,141,54,22,19
Chennai,2023-10-08 13:00:00,34,19,50,65,36
Delhi,2023-10-08 14:00:00,37,108,27,15,22
Kolkata,2023-10-08 15:00:00,5,116,48,33,16
Bangalore,2023-10-08 16:00:00,101,10,25,32,19
Chennai,2023-10-08 17:00:00,113,125,44,48,3
Bangalore,2023-10-08 18:00:00,40,129,21,49,21
Mumbai,2023-10-08 19:00:00,51,75,70,29,1
Chennai,2023-10-08 20:00:00,33,146,8,35,7
Kolkata,2023-10-08 21:00:00,73,141,64,35,19
Chennai,2023-10-08 22:00:00,99,94,40,5,32
Bangalore,2023-10-08 23:00:00,5,69,30,5,35
Delhi,2023-10-09 00:00:00,74,46,43,19,15
Chennai,2023-10-09 01:00:00,50,88,54,19,19
Kolkata,2023-10-09 02:00:00,63,115,67,8,29
Mumbai,2023-10-09 03:00:00,76,75,46,43,2
Delhi,2023-10-09 04:00:00,53,10,22,30,22
Mumbai,2023-10-09 05:00:00,56,147,41,26,8
Chennai,2023-10-09 06:00:00,52,98,76,7,15
Bangalore,2023-10-09 07:00:00,93,72,66,29,12
Bangalore,2023-10-09 08:00:00,74,128,58,5,23
Kolkata,2023-10-09 09:00:00,67,158,55,27,24
Bangalore,2023-10-09 10:00:00,15,10,53,31,28
Delhi,2023-10-09 11:00:00,46,109,63,34,22
Bangalore,2023-10-09 12:00:00,91,25,30,5,20
Kolkata,2023-10-09 13:00:00,61,112,12,34,40
Chennai,2023-10-09 14:00:00,83,95,41,11,1
Chennai,2023-10-09 15:00:00,121,118,23,15,38
Bangalore,2023-10-09 16:00:00,96,67,18,42,14
Mumbai,2023-10-09 17:00:00,63,10,25,66,24
Chennai,2023-10-09 18:00:00,42,69,89,30,14
Bangalore,2023-10-09 19:00:00,5,108,42,15,9
Kolkata,2023-10-09 20:00:00,54,135,47,33,23
Bangalore,2023-10-09 21:00:00,48,37,15,46,30
Chennai,2023-10-09 22:00:00,73,136,5,41,23
Kolkata,2023-10-09 23:00:00,54,60,23,79,11
Bangalore,2023-10-10 00:00:00,48,106,68,17,61
Delhi,2023-10-10 01:00:00,5,67,46,34,32
Kolkata,2023-10-10 02:00:00,27,98,51,57,29
Delhi,2023-10-10 03:00:00,76,130,54,56,13
Mumbai,2023-10-10 04:00:00,120,34,28,5,10
Kolkata,2023-10-10 05:00:00,56,59,67,29,14
Delhi,2023-10-10 06:00:00,71,98,27,56,30
Chennai,2023-10-10 07:00:00,93,198,68,82,6
Chennai,2023-10-10 08:00:00,31,51,48,42,5
Mumbai,2023-10-10 09:00:00,72,181,5,23,24
Kolkata,2023-10-10 10:00:00,34,180,25,11,21
Kolkata,2023-10-10 11:00:00,90,85,5,69,8
Kolkata,2023-10-10 12:00:00,65,76,63,43,4
Mumbai,2023-10-10 13:00:00,70,58,39,14,35
Kolkata,2023-10-10 14:00:00,32,86,5,26,22
Chennai,2023-10-10 15:00:00,84,26,47,35,1
Delhi,2023-10-10 16:00:00,132,86,29,39,2
Chennai,2023-10-10 17:00:00,24,157,10,13,13
Chennai,2023-10-10 18:00:00,48,62,73,18,26
Delhi,2023-10-10 19:00:00,68,79,42,5,25
Chennai,2023-10-10 20:00:00,87,13,34,48,31
Mumbai,2023-10-10 21:00:00,40,106,32,23,1
Delhi,2023-10-10 22:00:00,5,101,9,38,20
Chennai,2023-10-10 23:00:00,107,92,13,55,35
Bangalore,2023-10-11 00:00:00,86,80,65,33,33
Chennai,2023-10-11 01:00:00,5,76,30,27,22
Mumbai,2023-10-11 02:00:00,38,112,40,33,46
Kolkata,2023-10-11 03:00:00,114,88,5,31,25
Chennai,2023-10-11 04:00:00,110,104,13,52,30
Kolkata,2023-10-11 05:00:00,92,99,52,35,18
Bangalore,2023-10-11 06:00:00,53,140,47,20,8
Chennai,2023-10-11 07:00:00,62,120,75,48,7
Delhi,2023-10-11 08:00:00,55,98,66,52,20
Kolkata,2023-10-11 09:00:00,99,158,35,5,15
Bangalore,2023-10-11 10:00:00,29,108,49,57,1
Delhi,2023-10-11 11:00:00,31,148,33,36,5
Delhi,2023-10-11 12:00:00,95,117,81,35,14
Delhi,2023-10-11 13:00:00,58,10,62,48,26
Delhi,2023-10-11 14:00:00,108,148,43,19,17
Chennai,2023-10-11 15:00:00,36,96,44,47,17
Chennai,2023-10-11 16:00:00,58,87,68,23,6
Chennai,2023-10-11 17:00:00,27,102,51,5,18
Bangalore,2023-10-11 18:00:00,60,74,71,12,33
Bangalore,2023-10-11 19:00:00,8,100,5,40,19
Bangalore,2023-10-11 20:00:00,42,63,49,12,1
Mumbai,2023-10-11 21:00:00,9,147,29,58,2
Bangalore,2023-10-11 22:00:00,84,84,75,51,25
Chennai,2023-10-11 23:00:00,85,72,70,54,15
Chennai,2023-10-12 00:00:00,5,48,40,32,17
Mumbai,2023-10-12 01:00:00,106,102,70,34,10
Mumbai,2023-10-12 02:00:00,147,98,75,8,24
Bangalore,2023-10-12 03:00:00,61,107,41,47,14
Kolkata,2023-10-12 04:00:00,37,43,89,36,15
Mumbai,2023-10-12 05:00:00,158,17,39,40,7
Delhi,2023-10-12 06:00:00,13,118,35,60,29
Chennai,2023-10-12 07:00:00,60,156,57,19,15
Delhi,2023-10-12 08:00:00,66,43,32,27,25
Chennai,2023-10-12 09:00:00,107,161,41,35,3
Chennai,2023-10-12 10:00:00,72,102,68,13,38
Mumbai,2023-10-12 11:00:00,42,89,40,26,33
Mumbai,2023-10-12 12:00:00,26,72,6,38,1
Delhi,2023-10-12 13:00:00,48,27,47,24,8
Chennai,2023-10-12 14:00:00,24,134,26,53,23
Delhi,2023-10-12 15:00:00,61,55,57,5,2
Kolkata,2023-10-12 16:00:00,40,54,53,50,16
Delhi,2023-10-12 17:00:00,7,134,69,41,23
Bangalore,2023-10-12 18:00:00,103,10,58,19,15
Delhi,2023-10-12 19:00:00,42,21,61,13,24
Bangalore,2023-10-12 20:00:00,15,89,26,5,9
Bangalore,2023-10-12 21:00:00,54,103,56,15,1
Bangalore,2023-10-12 22:00:00,62,111,79,48,29
Kolkata,2023-10-12 23:00:00,5,76,26,28,29
Delhi,2023-10-13 00:00:00,71,203,75,50,48
Delhi,2023-10-13 01:00:00,23,79,29,18,1
Kolkata,2023-10-13 02:00:00,119,79,22,42,27
Chennai,2023-10-13 03:00:00,78,54,45,17,1
Mumbai,2023-10-13 04:00:00,46,95,54,12,39
Delhi,2023-10-13 05:00:00,33,117,58,28,23
Mumbai,2023-10-13 06:00:00,56,144,20,18,6
Kolkata,2023-10-13 07:00:00,81,22,48,5,27
Chennai,2023-10-13 08:00:00,59,78,26,26,11
Chennai,2023-10-13 09:00:00,52,110,10,31,21
Chennai,2023-10-13 10:00:00,62,116,21,52,20
Kolkata,2023-10-13 11:00:00,38,90,24,46,38
Bangalore,2023-10-13 12:00:00,47,114,50,51,39
Bangalore,2023-10-13 13:00:00,5,53,63,42,10
Mumbai,2023-10-13 14:00:00,94,160,10,35,30
Bangalore,2023-10-13 15:00:00,70,134,47,7,22
Bangalore,2023-10-13 16:00:00,32,29,16,32,1
Chennai,2023-10-13 17:00:00,126,41,52,40,9
Chennai,2023-10-13 18:00:00,63,42,27,56,46
Mumbai,2023-10-13 19:00:00,23,120,18,42,22
Delhi,2023-10-13 20:00:00,89,32,55,52,29
Mumbai,2023-10-13 21:00:00,73,75,28,11,15
Mumbai,2023-10-13 22:00:00,73,110,33,24,11
Kolkata,2023-10-13 23:00:00,45,87,5,37,18
Kolkata,2023-10-14 00:00:00,75,101,58,50,14
Mumbai,2023-10-14 01:00:00,50,42,56,27,1
Mumbai,2023-10-14 02:00:00,79,116,40,28,5
Mumbai,2023-10-14 03:00:00,5,62,9,42,26
Bangalore,2023-10-14 04:00:00,44,75,64,9,13
Kolkata,2023-10-14 05:00:00,120,100,26,58,18
Mumbai,2023-10-14 06:00:00,33,94,30,14,20
Chennai,2023-10-14 07:00:00,38,91,86,5,21
Chennai,2023-10-14 08:00:00,44,56,25,30,31
Bangalore,2023-10-14 09:00:00,17,76,54,60,4
Bangalore,2023-10-14 10:00:00,5,90,51,40,24
Delhi,2023-10-14 11:00:00,51,28,47,43,27
Delhi,2023-10-14 12:00:00,64,69,45,30,29
Delhi,2023-10-14 13:00:00,58,107,47,27,1
Bangalore,2023-10-14 14:00:00,54,32,45,5,21
Bangalore,2023-10-14 15:00:00,61,142,38,5,38
Bangalore,2023-10-14 16:00:00,95,147,70,33,16
Chennai,2023-10-14 17:00:00,53,33,13,53,23
Bangalore,2023-10-14 18:00:00,39,151,60,36,27
Chennai,2023-10-14 19:00:00,50,83,56,41,5
Delhi,2023-10-14 20:00:00,80,108,53,58,40
Delhi,2023-10-14 21:00:00,109,67,62,35,23
Delhi,2023-10-14 22:00:00,38,131,38,27,24
Mumbai,2023-10-14 23:00:00,63,108,5,15,1
Mumbai,2023-10-15 00:00:00,71,53,38,66,27
Kolkata,2023-10-15 01:00:00,25,37,20,39,24
Kolkata,2023-10-15 02:00:00,60,24,25,13,37
Kolkata,2023-10-15 03:00:00,8,98,15,8,14
Mumbai,2023-10-15 04:00:00,5,115,30,52,6
Mumbai,2023-10-15 05:00:00,72,119,28,11,9
Kolkata,2023-10-15 06:00:00,46,84,5,63,11
Kolkata,2023-10-15 07:00:00,67,37,54,5,4
Bangalore,2023-10-15 08:00:00,59,59,84,55,33
Kolkata,2023-10-15 09:00:00,25,141,52,38,33
Bangalore,2023-10-15 10:00:00,58,68,35,32,15
Chennai,2023-10-15 11:00:00,16,96,38,26,13
Mumbai,2023-10-15 12:00:00,108,41,31,64,1
Kolkata,2023-10-15 13:00:00,12,105,41,42,26
Mumbai,2023-10-15 14:00:00,53,69,39,13,37
Mumbai,2023-10-15 15:00:00,23,137,23,5,10
Mumbai,2023-10-15 16:00:00,79,124,73,33,16
Chennai,2023-10-15 17:00:00,48,67,10,29,23
Delhi,2023-10-15 18:00:00,41,84,54,5,38
Kolkata,2023-10-15 19:00:00,89,65,37,29,20
Delhi,2023-10-15 20:00:00,61,26,78,19,20
Delhi,2023-10-15 21:00:00,78,51,46,30,20
Delhi,2023-10-15 22:00:00,25,98,32,43,1
Mumbai,2023-10-15 23:00:00,10,104,35,56,1
Bangalore,2023-10-16 00:00:00,63,96,40,46,8
Mumbai,2023-10-16 01:00:00,48,76,17,17,30
Mumbai,2023-10-16 02:00:00,81,131,24,36,13
Delhi,2023-10-16 03:00:00,57,92,5,31,11
Mumbai,2023-10-16 04:00:00,67,121,21,6,11
Delhi,2023-10-16 05:00:00,5,10,41,37,16
Bangalore,2023-10-16 06:00:00,126,10,46,63,38
Kolkata,2023-10-16 07:00:00,54,102,5,30,16
Delhi,2023-10-16 08:00:00,84,25,37,5,8
Bangalore,2023-10-16 09:00:00,30,80,51,30,18
Kolkata,2023-10-16 10:00:00,70,76,36,8,39
Chennai,2023-10-16 11:00:00,14,161,27,45,11
Delhi,2023-10-16 12:00:00,75,107,31,39,3
Delhi,2023-10-16 13:00:00,47,97,29,26,11
Chennai,2023-10-16 14:00:00,61,127,27,24,19
Chennai,2023-10-16 15:00:00,84,106,43,26,26
Delhi,2023-10-16 16:00:00,16,69,86,30,30
Chennai,2023-10-16 17:00:00,36,138,25,16,5
Mumbai,2023-10-16 18:00:00,76,40,33,5,6
Kolkata,2023-10-16 19:00:00,133,104,38,50,14
Kolkata,2023-10-16 20:00:00,55,20,26,23,26
Kolkata,2023-10-16 21:00:00,80,99,61,33,2
Mumbai,2023-10-16 22:00:00,56,98,5,35,10
Chennai,2023-10-16 23:00:00,127,165,29,35,10
Bangalore,2023-10-17 00:00:00,5,19,56,8,29
Chennai,2023-10-17 01:00:00,63,62,34,5,24
Delhi,2023-10-17 02:00:00,5,127,23,19,28
Kolkata,2023-10-17 03:00:00,5,105,48,37,34
Chennai,2023-10-17 04:00:00,70,98,58,16,14
Bangalore,2023-10-17 05:00:00,64,46,44,23,3
Delhi,2023-10-17 06:00:00,50,63,23,68,3
Mumbai,2023-10-17 07:00:00,56,146,49,5,1
Mumbai,2023-10-17 08:00:00,168,87,31,16,12
Bangalore,2023-10-17 09:00:00,50,106,54,64,13
Delhi,2023-10-17 10:00:00,77,84,69,29,27
Kolkata,2023-10-17 11:00:00,37,36,5,17,18
Chennai,2023-10-17 12:00:00,70,132,42,51,12
Delhi,2023-10-17 13:00:00,51,112,5,30,16
Mumbai,2023-10-17 14:00:00,45,193,88,23,5
Bangalore,2023-10-17 15:00:00,123,44,30,33,30
Bangalore,2023-10-17 16:00:00,101,127,54,18,8
Chennai,2023-10-17 17:00:00,64,30,39,11,4
Bangalore,2023-10-17 18:00:00,5,97,23,27,27
Bangalore,2023-10-17 19:00:00,47,133,21,11,24
Delhi,2023-10-17 20:00:00,154,10,71,30,1
Kolkata,2023-10-17 21:00:00,51,80,59,36,28
Chennai,2023-10-17 22:00:00,98,64,78,45,9
Delhi,2023-10-17 23:00:00,110,58,41,50,13
Kolkata,2023-10-18 00:00:00,67,107,45,22,20
Delhi,2023-10-18 01:00:00,30,140,34,38,25
Delhi,2023-10-18 02:00:00,5,84,34,38,23
Bangalore,2023-10-18 03:00:00,83,99,19,35,17
Kolkata,2023-10-18 04:00:00,31,95,41,21,12
Chennai,2023-10-18 05:00:00,66,90,24,11,22
Chennai,2023-10-18 06:00:00,16,40,48,39,16
Kolkata,2023-10-18 07:00:00,50,139,43,5,39
Bangalore,2023-10-18 08:00:00,61,103,45,25,25
Mumbai,2023-10-18 09:00:00,69,107,73,5,6
Delhi,2023-10-18 10:00:00,20,53,39,5,12
Bangalore,2023-10-18 11:00:00,101,69,55,14,18
Kolkata,2023-10-18 12:00:00,39,82,81,49,33
Delhi,2023-10-18 13:00:00,5,20,66,42,34
Chennai,2023-10-18 14:00:00,56,14,63,20,13
Mumbai,2023-10-18 15:00:00,61,62,33,43,6
Chennai,2023-10-18 16:00:00,65,113,44,45,5
Kolkata,2023-10-18 17:00:00,107,60,13,27,21
Delhi,2023-10-18 18:00:00,51,44,49,5,45
Kolkata,2023-10-18 19:00:00,55,53,45,26,24
Delhi,2023-10-18 20:00:00,21,69,40,28,1
Bangalore,2023-10-18 21:00:00,88,74,60,7,9
Mumbai,2023-10-18 22:00:00,66,187,15,36,10
Bangalore,2023-10-18 23:00:00,45,137,72,35,8
Bangalore,2023-10-19 00:00:00,5,136,58,38,13
Kolkata,2023-10-19 01:00:00,110,142,38,35,22
Mumbai,2023-10-19 02:00:00,17,45,37,43,26
Delhi,2023-10-19 03:00:00,39,34,49,26,31
Delhi,2023-10-19 04:00:00,72,40,70,33,24
Chennai,2023-10-19 05:00:00,18,150,42,22,1
Delhi,2023-10-19 06:00:00,7,65,42,19,5
Kolkata,2023-10-19 07:00:00,5,33,40,54,16
Bangalore,2023-10-19 08:00:00,85,70,75,5,19
Bangalore,2023-10-19 09:00:00,40,79,32,45,28
Bangalore,2023-10-19 10:00:00,162,102,39,18,18
Mumbai,2023-10-19 11:00:00,25,101,69,16,18
Delhi,2023-10-19 12:00:00,27,52,42,34,20
Kolkata,2023-10-19 13:00:00,40,120,62,5,14
Mumbai,2023-10-19 14:00:00,68,61,21,15,19
Chennai,2023-10-19 15:00:00,43,82,35,14,31
Kolkata,2023-10-19 16:00:00,81,120,69,26,16
Kolkata,2023-10-19 17:00:00,25,61,26,15,17
Kolkata,2023-10-19 18:00:00,11,64,36,58,17
Bangalore,2023-10-19 19:00:00,5,116,45,62,33
Kolkata,2023-10-19 20:00:00,5,51,20,5,4
Delhi,2023-10-19 21:00:00,41,72,31,39,39
Kolkata,2023-10-19 22:00:00,49,115,42,45,3
Bangalore,2023-10-19 23:00:00,37,182,40,39,10
Kolkata,2023-10-20 00:00:00,103,117,65,18,26
Chennai,2023-10-20 01:00:00,102,111,70,25,30
Chennai,2023-10-20 02:00:00,48,113,22,16,1
Bangalore,2023-10-20 03:00:00,5,41,42,22,4
Delhi,2023-10-20 04:00:00,40,95,53,8,21
Delhi,2023-10-20 05:00:00,39,88,70,27,46
Mumbai,2023-10-20 06:00:00,37,104,54,5,32
Bangalore,2023-10-20 07:00:00,35,95,45,26,15
Kolkata,2023-10-20 08:00:00,37,107,53,7,1
Bangalore,2023-10-20 09:00:00,46,75,53,33,18
Mumbai,2023-10-20 10:00:00,37,92,21,17,22
Bangalore,2023-10-20 11:00:00,67,34,43,35,13
Bangalore,2023-10-20 12:00:00,72,75,69,49,7
Mumbai,2023-10-20 13:00:00,28,152,35,58,19
Delhi,2023-10-20 14:00:00,104,104,42,5,6
Kolkata,2023-10-20 15:00:00,25,89,35,14,40
Mumbai,2023-10-20 16:00:00,5,175,5,24,36
Chennai,2023-10-20 17:00:00,73,28,40,38,25
Delhi,2023-10-20 18:00:00,31,40,46,5,19
Chennai,2023-10-20 19:00:00,71,167,29,12,10
Delhi,2023-10-20 20:00:00,5,92,16,32,17
Kolkata,2023-10-20 21:00:00,108,79,22,31,37
Kolkata,2023-10-20 22:00:00,83,36,55,36,28
Bangalore,2023-10-20 23:00:00,7,110,79,37,20
Chennai,2023-10-21 00:00:00,8,114,67,36,29
Delhi,2023-10-21 01:00:00,118,40,13,33,24
Kolkata,2023-10-21 02:00:00,34,83,57,31,22
Mumbai,2023-10-21 03:00:00,30,74,26,41,29
Kolkata,2023-10-21 04:00:00,5,101,28,5,24
Mumbai,2023-10-21 05:00:00,47,39,30,57,28
Delhi,2023-10-21 06:00:00,52,146,54,5,19
Kolkata,2023-10-21 07:00:00,85,131,59,10,14
Kolkata,2023-10-21 08:00:00,11,73,38,25,11
Delhi,2023-10-21 09:00:00,6,80,38,42,9
Kolkata,2023-10-21 10:00:00,75,83,49,5,1
Mumbai,2023-10-21 11:00:00,95,54,51,29,7
Kolkata,2023-10-21 12:00:00,5,70,63,44,6
Chennai,2023-10-21 13:00:00,97,77,14,47,11
Bangalore,2023-10-21 14:00:00,61,162,40,17,36
Mumbai,2023-10-21 15:00:00,98,132,18,24,16
Chennai,2023-10-21 16:00:00,57,132,38,18,20
Delhi,2023-10-21 17:00:00,5,106,35,22,21
Mumbai,2023-10-21 18:00:00,54,39,39,11,37
Bangalore,2023-10-21 19:00:00,97,88,24,13,11
Bangalore,2023-10-21 20:00:00,28,133,10,37,15
Delhi,2023-10-21 21:00:00,46,33,5,32,16
Delhi,2023-10-21 22:00:00,53,118,37,38,31
Mumbai,2023-10-21 23:00:00,5,194,31,33,34
Kolkata,2023-10-22 00:00:00,118,137,26,42,23
Delhi,2023-10-22 01:00:00,28,153,66,45,32
Kolkata,2023-10-22 02:00:00,77,99,22,5,20
Chennai,2023-10-22 03:00:00,56,133,68,14,15
Bangalore,2023-10-22 04:00:00,104,57,72,25,32
Kolkata,2023-10-22 05:00:00,74,125,5,29,23
Bangalore,2023-10-22 06:00:00,51,119,41,17,9
Kolkata,2023-10-22 07:00:00,28,103,32,46,29
Chennai,2023-10-22 08:00:00,87,149,5,65,15
Delhi,2023-10-22 09:00:00,5,65,11,33,14
Chennai,2023-10-22 10:00:00,82,81,55,31,28
Delhi,2023-10-22 11:00:00,21,94,80,45,16
Delhi,2023-10-22 12:00:00,103,43,58,5,22
Bangalore,2023-10-22 13:00:00,65,100,46,30,25
Chennai,2023-10-22 14:00:00,82,12,39,47,8
Kolkata,2023-10-22 15:00:00,62,137,73,18,22
Chennai,2023-10-22 16:00:00,5,92,82,7,34
Bangalore,2023-10-22 17:00:00,29,66,28,26,6
Delhi,2023-10-22 18:00:00,83,52,5,28,23
Bangalore,2023-10-22 19:00:00,65,79,5,13,8
Mumbai,2023-10-22 20:00:00,101,120,66,67,30
Mumbai,2023-10-22 21:00:00,74,114,39,21,30
Kolkata,2023-10-22 22:00:00,26,58,43,9,13
Bangalore,2023-10-22 23:00:00,32,51,5,28,44
Kolkata,2023-10-23 00:00:00,63,119,24,46,31
Kolkata,2023-10-23 01:00:00,5,57,34,30,26
Mumbai,2023-10-23 02:00:00,118,92,44,38,25
Kolkata,2023-10-23 03:00:00,75,95,32,14,29
Mumbai,2023-10-23 04:00:00,102,104,19,56,6
Delhi,2023-10-23 05:00:00,5,128,24,40,20
Bangalore,2023-10-23 06:00:00,103,33,64,48,22
Kolkata,2023-10-23 07:00:00,138,10,44,36,13
Mumbai,2023-10-23 08:00:00,13,64,52,44,23
Chennai,2023-10-23 09:00:00,86,171,22,14,32
Kolkata,2023-10-23 10:00:00,60,180,5,21,12
Delhi,2023-10-23 11:00:00,5,172,29,54,17
Delhi,2023-10-23 12:00:00,77,81,22,58,8
Chennai,2023-10-23 13:00:00,89,10,46,9,1
Mumbai,2023-10-23 14:00:00,38,10,105,34,27
Kolkata,2023-10-23 15:00:00,100,62,53,22,17
Mumbai,2023-10-23 16:00:00,5,81,94,17,18
Delhi,2023-10-23 17:00:00,7,148,51,35,6
Mumbai,2023-10-23 18:00:00,64,129,27,50,15
Delhi,2023-10-23 19:00:00,60,100,46,38,31
Mumbai,2023-10-23 20:00:00,34,49,75,24,18
Chennai,2023-10-23 21:00:00,88,46,76,39,18
Bangalore,2023-10-23 22:00:00,78,101,28,23,20
Chennai,2023-10-23 23:00:00,90,121,45,37,3
Chennai,2023-10-24 00:00:00,55,107,11,55,25
Bangalore,2023-10-24 01:00:00,81,43,56,5,2
Bangalore,2023-10-24 02:00:00,44,119,71,44,6
Kolkata,2023-10-24 03:00:00,131,109,40,5,5
Kolkata,2023-10-24 04:00:00,31,41,26,52,15
Chennai,2023-10-24 05:00:00,133,54,47,18,13
Chennai,2023-10-24 06:00:00,61,120,48,8,17
Delhi,2023-10-24 07:00:00,11,79,41,42,7
Delhi,2023-10-24 08:00:00,107,161,43,36,30
Kolkata,2023-10-24 09:00:00,64,112,36,12,28
Kolkata,2023-10-24 10:00:00,89,68,59,7,15
Delhi,2023-10-24 11:00:00,102,89,54,26,12
Delhi,2023-10-24 12:00:00,71,92,20,8,11
Mumbai,2023-10-24 13:00:00,39,57,19,10,14
Mumbai,2023-10-24 14:00:00,94,48,34,32,1
Delhi,2023-10-24 15:00:00,60,121,54,12,6
Mumbai,2023-10-24 16:00:00,84,128,42,37,28
Bangalore,2023-10-24 17:00:00,5,117,27,56,21
Kolkata,2023-10-24 18:00:00,75,158,45,27,37
Kolkata,2023-10-24 19:00:00,37,65,33,32,14
Delhi,2023-10-24 20:00:00,117,165,57,66,13
Chennai,2023-10-24 21:00:00,81,49,46,8,13
Delhi,2023-10-24 22:00:00,68,44,33,51,14
Mumbai,2023-10-24 23:00:00,77,10,44,49,10
Chennai,2023-10-25 00:00:00,25,69,66,45,21
Mumbai,2023-10-25 01:00:00,116,67,28,53,18
Bangalore,2023-10-25 02:00:00,129,113,48,35,11
Mumbai,2023-10-25 03:00:00,73,100,38,19,33
Bangalore,2023-10-25 04:00:00,115,36,48,49,40
Bangalore,2023-10-25 05:00:00,40,72,26,50,31
Mumbai,2023-10-25 06:00:00,32,73,42,49,24
Mumbai,2023-10-25 07:00:00,61,10,62,30,27
Bangalore,2023-10-25 08:00:00,75,45,21,17,40
Chennai,2023-10-25 09:00:00,46,55,13,33,27
Bangalore,2023-10-25 10:00:00,78,154,14,46,10
Kolkata,2023-10-25 11:00:00,70,98,16,48,22
Bangalore,2023-10-25 12:00:00,25,119,51,22,25
Chennai,2023-10-25 13:00:00,78,22,11,35,6
Kolkata,2023-10-25 14:00:00,90,143,34,6,14
Delhi,2023-10-25 15:00:00,66,148,52,47,31
Delhi,2023-10-25 16:00:00,100,10,48,15,1
Chennai,2023-10-25 17:00:00,17,58,32,44,2
Bangalore,2023-10-25 18:00:00,76,112,43,9,15
Mumbai,2023-10-25 19:00:00,19,118,42,48,22
Chennai,2023-10-25 20:00:00,21,59,35,35,1
Kolkata,2023-10-25 21:00:00,37,76,35,15,16
Kolkata,2023-10-25 22:00:00,27,63,84,42,31
Delhi,2023-10-25 23:00:00,40,94,56,19,18
Kolkata,2023-10-26 00:00:00,52,143,89,43,29
Chennai,2023-10-26 01:00:00,89,55,30,25,10
Kolkata,2023-10-26 02:00:00,48,135,38,5,8
Chennai,2023-10-26 03:00:00,5,54,13,12,28
Mumbai,2023-10-26 04:00:00,99,51,23,22,22
Delhi,2023-10-26 05:00:00,30,126,78,54,3
Kolkata,2023-10-26 06:00:00,57,131,29,46,8
Chennai,2023-10-26 07:00:00,75,128,78,59,36
Bangalore,2023-10-26 08:00:00,66,30,15,59,6
Delhi,2023-10-26 09:00:00,98,69,18,20,29
Mumbai,2023-10-26 10:00:00,76,127,33,26,12
Chennai,2023-10-26 11:00:00,29,91,38,22,17
Mumbai,2023-10-26 12:00:00,136,41,58,17,21
Mumbai,2023-10-26 13:00:00,66,110,49,5,1
Kolkata,2023-10-26 14:00:00,54,57,31,29,1
Kolkata,2023-10-26 15:00:00,93,170,37,6,19
Chennai,2023-10-26 16:00:00,68,159,33,29,9
Bangalore,2023-10-26 17:00:00,73,117,21,68,29
Chennai,2023-10-26 18:00:00,147,151,22,20,1
Bangalore,2023-10-26 19:00:00,50,92,60,33,24
Mumbai,2023-10-26 20:00:00,48,124,5,46,1
Delhi,2023-10-26 21:00:00,64,156,72,35,13
Chennai,2023-10-26 22:00:00,97,101,33,35,5
Chennai,2023-10-26 23:00:00,7,78,24,23,40
Bangalore,2023-10-27 00:00:00,5,13,54,25,1
Mumbai,2023-10-27 01:00:00,39,86,69,12,16
Mumbai,2023-10-27 02:00:00,5,127,62,45,1
Bangalore,2023-10-27 03:00:00,45,132,50,5,37
Mumbai,2023-10-27 04:00:00,77,112,61,47,22
Kolkata,2023-10-27 05:00:00,28,65,5,5,19
Delhi,2023-10-27 06:00:00,10,10,29,47,35
Chennai,2023-10-27 07:00:00,62,67,21,23,19
Delhi,2023-10-27 08:00:00,90,76,64,7,20
Chennai,2023-10-27 09:00:00,5,75,32,40,19
Kolkata,2023-10-27 10:00:00,88,117,56,46,24
Mumbai,2023-10-27 11:00:00,88,179,50,22,12
Bangalore,2023-10-27 12:00:00,93,95,22,42,15
Kolkata,2023-10-27 13:00:00,102,80,28,5,27
Delhi,2023-10-27 14:00:00,137,78,65,6,21
Bangalore,2023-10-27 15:00:00,47,95,24,53,16
Mumbai,2023-10-27 16:00:00,63,52,42,25,1
Kolkata,2023-10-27 17:00:00,45,95,24,5,35
Bangalore,2023-10-27 18:00:00,60,110,33,17,10
Kolkata,2023-10-27 19:00:00,113,99,39,13,29
Kolkata,2023-10-27 20:00:00,12,110,24,27,20
Mumbai,2023-10-27 21:00:00,29,109,20,23,2
Chennai,2023-10-27 22:00:00,108,10,45,33,33
Bangalore,2023-10-27 23:00:00,95,118,23,28,21
Mumbai,2023-10-28 00:00:00,47,59,23,54,34
Kolkata,2023-10-28 01:00:00,89,40,21,37,15
Mumbai,2023-10-28 02:00:00,71,40,38,38,26
Chennai,2023-10-28 03:00:00,112,109,58,50,1
Bangalore,2023-10-28 04:00:00,62,79,70,23,11
Chennai,2023-10-28 05:00:00,95,14,25,7,2
Delhi,2023-10-28 06:00:00,152,111,83,51,13
Bangalore,2023-10-28 07:00:00,80,25,19,32,23
Chennai,2023-10-28 08:00:00,61,96,61,32,10
Kolkata,2023-10-28 09:00:00,85,100,25,18,28
Bangalore,2023-10-28 10:00:00,47,129,22,18,7
Bangalore,2023-10-28 11:00:00,143,170,25,45,28
Mumbai,2023-10-28 12:00:00,66,28,38,47,33
Kolkata,2023-10-28 13:00:00,50,87,51,44,30
Delhi,2023-10-28 14:00:00,30,77,53,44,13
Chennai,2023-10-28 15:00:00,98,109,21,40,1
Mumbai,2023-10-28 16:00:00,90,99,20,32,24
Chennai,2023-10-28 17:00:00,42,74,21,26,16
Delhi,2023-10-28 18:00:00,80,70,37,51,6
Delhi,2023-10-28 19:00:00,7,39,35,23,11
Bangalore,2023-10-28 20:00:00,66,134,20,36,35
Delhi,2023-10-28 21:00:00,75,110,45,15,4
Chennai,2023-10-28 22:00:00,119,131,85,18,23
Kolkata,2023-10-28 23:00:00,33,76,29,25,20
Kolkata,2023-10-29 00:00:00,15,60,31,15,13
Bangalore,2023-10-29 01:00:00,28,41,51,44,25
Chennai,2023-10-29 02:00:00,13,106,28,5,37
Chennai,2023-10-29 03:00:00,106,43,53,31,14
Delhi,2023-10-29 04:00:00,114,173,25,32,15
Chennai,2023-10-29 05:00:00,71,31,76,5,25
Mumbai,2023-10-29 06:00:00,102,102,46,22,29
Delhi,2023-10-29 07:00:00,64,160,27,34,16
Mumbai,2023-10-29 08:00:00,56,116,28,37,14
Bangalore,2023-10-29 09:00:00,48,97,29,26,1
Kolkata,2023-10-29 10:00:00,49,46,67,42,8
Bangalore,2023-10-29 11:00:00,5,27,14,28,4
Kolkata,2023-10-29 12:00:00,69,124,26,30,26
Bangalore,2023-10-29 13:00:00,58,157,28,34,15
Chennai,2023-10-29 14:00:00,86,70,39,46,14
Mumbai,2023-10-29 15:00:00,63,38,34,17,17
Kolkata,2023-10-29 16:00:00,54,10,10,21,7
Delhi,2023-10-29 17:00:00,29,45,32,17,36
Mumbai,2023-10-29 18:00:00,62,84,38,24,33
Delhi,2023-10-29 19:00:00,85,161,27,55,37
Mumbai,2023-10-29 20:00:00,19,120,53,40,26
Mumbai,2023-10-29 21:00:00,63,103,58,9,17
Bangalore,2023-10-29 22:00:00,68,71,38,19,37
Kolkata,2023-10-29 23:00:00,34,63,44,36,9
Kolkata,2023-10-30 00:00:00,39,153,5,13,7
Mumbai,2023-10-30 01:00:00,68,99,31,16,10
Chennai,2023-10-30 02:00:00,20,10,60,54,24
Chennai,2023-10-30 03:00:00,72,59,31,18,8
Delhi,2023-10-30 04:00:00,28,51,25,47,16
Delhi,2023-10-30 05:00:00,97,65,85,52,1
Bangalore,2023-10-30 06:00:00,141,115,76,16,23
Mumbai,2023-10-30 07:00:00,29,85,49,13,1
Delhi,2023-10-30 08:00:00,78,86,62,25,6
Delhi,2023-10-30 09:00:00,34,149,5,10,32
Mumbai,2023-10-30 10:00:00,96,58,24,32,32
Bangalore,2023-10-30 11:00:00,15,173,30,26,22
Delhi,2023-10-30 12:00:00,76,59,35,36,21
Bangalore,2023-10-30 13:00:00,29,94,30,55,11
Kolkata,2023-10-30 14:00:00,52,77,5,44,8
Bangalore,2023-10-30 15:00:00,23,95,47,38,13
Chennai,2023-10-30 16:00:00,88,110,50,5,1
Chennai,2023-10-30 17:00:00,30,109,72,37,21
Bangalore,2023-10-30 18:00:00,79,56,24,61,18
Chennai,2023-10-30 19:00:00,47,39,22,5,6
Kolkata,2023-10-30 20:00:00,55,202,5,42,36
Mumbai,2023-10-30 21:00:00,65,68,34,27,25
Chennai,2023-10-30 22:00:00,33,121,58,14,26
Chennai,2023-10-30 23:00:00,67,17,27,44,12
Bangalore,2023-10-31 00:00:00,113,77,82,60,17
Kolkata,2023-10-31 01:00:00,32,84,34,43,25
Mumbai,2023-10-31 02:00:00,101,111,42,23,19
Bangalore,2023-10-31 03:00:00,112,10,12,13,37
Bangalore,2023-10-31 04:00:00,31,97,45,32,15
Kolkata,2023-10-31 05:00:00,9,38,5,45,11
Mumbai,2023-10-31 06:00:00,70,104,53,23,25
Kolkata,2023-10-31 07:00:00,40,43,54,24,2
Mumbai,2023-10-31 08:00:00,125,51,67,80,29
Kolkata,2023-10-31 09:00:00,61,77,19,49,2
Bangalore,2023-10-31 10:00:00,31,42,43,50,25
Bangalore,2023-10-31 11:00:00,19,68,51,5,10
Delhi,2023-10-31 12:00:00,98,36,48,17,23
Chennai,2023-10-31 13:00:00,40,10,22,31,28
Kolkata,2023-10-31 14:00:00,61,135,5,11,19
Delhi,2023-10-31 15:00:00,93,31,46,58,3
Chennai,2023-10-31 16:00:00,43,81,36,55,7
Kolkata,2023-10-31 17:00:00,58,123,28,20,9
Mumbai,2023-10-31 18:00:00,59,62,55,62,1
Chennai,2023-10-31 19:00:00,83,52,39,29,31
Bangalore,2023-10-31 20:00:00,80,100,13,76,19
Delhi,2023-10-31 21:00:00,52,140,5,32,4
Chennai,2023-10-31 22:00:00,62,37,17,40,35
Chennai,2023-10-31 23:00:00,46,83,87,55,9
Bangalore,2023-11-01 00:00:00,8,12,54,52,21
Kolkata,2023-11-01 01:00:00,69,72,43,39,8
Mumbai,2023-11-01 02:00:00,126,91,36,27,1
Bangalore,2023-11-01 03:00:00,29,51,35,39,1
Mumbai,2023-11-01 04:00:00,32,69,63,15,12
Kolkata,2023-11-01 05:00:00,29,26,30,32,28
Chennai,2023-11-01 06:00:00,85,93,51,10,22
Mumbai,2023-11-01 07:00:00,75,137,33,5,19
Delhi,2023-11-01 08:00:00,54,40,78,30,1
Delhi,2023-11-01 09:00:00,27,61,54,52,33
Bangalore,2023-11-01 10:00:00,63,112,64,46,20
Kolkata,2023-11-01 11:00:00,5,144,28,28,16
Bangalore,2023-11-01 12:00:00,65,22,61,61,31
Bangalore,2023-11-01 13:00:00,90,82,33,19,32
Bangalore,2023-11-01 14:00:00,16,102,42,5,31
Delhi,2023-11-01 15:00:00,6,85,72,5,15
Delhi,2023-11-01 16:00:00,115,10,19,8,5
Bangalore,2023-11-01 17:00:00,38,112,44,44,29
Delhi,2023-11-01 18:00:00,99,158,48,18,1
Kolkata,2023-11-01 19:00:00,54,95,50,38,41
Bangalore,2023-11-01 20:00:00,54,43,30,59,18
Delhi,2023-11-01 21:00:00,75,66,81,10,5
Mumbai,2023-11-01 22:00:00,29,169,14,38,3
Bangalore,2023-11-01 23:00:00,64,130,69,39,2
Bangalore,2023-11-02 00:00:00,46,118,64,14,19
Kolkata,2023-11-02 01:00:00,13,106,78,54,17
Chennai,2023-11-02 02:00:00,71,60,8,24,3
Chennai,2023-11-02 03:00:00,50,80,22,23,13
Kolkata,2023-11-02 04:00:00,54,86,69,68,1
Kolkata,2023-11-02 05:00:00,17,114,5,39,25
Kolkata,2023-11-02 06:00:00,115,157,7,46,17
Chennai,2023-11-02 07:00:00,90,140,30,54,13
Kolkata,2023-11-02 08:00:00,93,26,43,18,2
Delhi,2023-11-02 09:00:00,49,100,71,52,14
Bangalore,2023-11-02 10:00:00,5,123,36,20,13
Bangalore,2023-11-02 11:00:00,128,117,27,20,21
Mumbai,2023-11-02 12:00:00,57,61,46,25,20
Mumbai,2023-11-02 13:00:00,33,221,49,18,27
Bangalore,2023-11-02 14:00:00,74,32,48,44,12
Delhi,2023-11-02 15:00:00,100,41,36,34,1
Chennai,2023-11-02 16:00:00,59,100,5,21,29
Chennai,2023-11-02 17:00:00,104,185,21,42,6
Delhi,2023-11-02 18:00:00,97,52,68,25,4
Chennai,2023-11-02 19:00:00,22,78,43,24,17
Kolkata,2023-11-02 20:00:00,36,138,33,30,21
Bangalore,2023-11-02 21:00:00,93,89,62,38,11
Bangalore,2023-11-02 22:00:00,5,74,17,37,11
Delhi,2023-11-02 23:00:00,54,115,35,23,13
Chennai,2023-11-03 00:00:00,9,102,42,45,34
Mumbai,2023-11-03 01:00:00,43,136,31,25,17
Mumbai,2023-11-03 02:00:00,49,148,42,18,6
Chennai,2023-11-03 03:00:00,47,103,36,5,6
Mumbai,2023-11-03 04:00:00,40,103,12,47,14
Delhi,2023-11-03 05:00:00,21,99,43,30,20
Delhi,2023-11-03 06:00:00,140,112,13,33,23
Chennai,2023-11-03 07:00:00,125,92,43,48,19
Mumbai,2023-11-03 08:00:00,19,89,67,21,7
Delhi,2023-11-03 09:00:00,115,143,34,5,12
Delhi,2023-11-03 10:00:00,46,158,16,31,26
Kolkata,2023-11-03 11:00:00,64,22,37,35,4
Kolkata,2023-11-03 12:00:00,57,90,23,25,12
Delhi,2023-11-03 13:00:00,36,59,51,56,25
Chennai,2023-11-03 14:00:00,94,76,37,5,28
Bangalore,2023-11-03 15:00:00,64,108,74,50,15
Bangalore,2023-11-03 16:00:00,43,120,63,44,13
Delhi,2023-11-03 17:00:00,14,84,36,38,2
Delhi,2023-11-03 18:00:00,28,10,54,5,24
Delhi,2023-11-03 19:00:00,5,46,32,53,33
Chennai,2023-11-03 20:00:00,60,130,40,11,48
Kolkata,2023-11-03 21:00:00,18,10,32,20,22
Delhi,2023-11-03 22:00:00,50,143,55,26,17
Delhi,2023-11-03 23:00:00,107,113,68,37,6
Mumbai,2023-11-04 00:00:00,101,149,55,41,1
Chennai,2023-11-04 01:00:00,58,81,58,46,20
Delhi,2023-11-04 02:00:00,56,10,58,44,46
Mumbai,2023-11-04 03:00:00,125,109,51,34,33
Bangalore,2023-11-04 04:00:00,78,147,17,37,31
Delhi,2023-11-04 05:00:00,48,131,74,10,20
Delhi,2023-11-04 06:00:00,10,60,76,16,22
Mumbai,2023-11-04 07:00:00,73,93,35,46,1
Chennai,2023-11-04 08:00:00,89,66,32,45,27
Delhi,2023-11-04 09:00:00,37,53,52,43,11
Bangalore,2023-11-04 10:00:00,70,132,51,20,9
Delhi,2023-11-04 11:00:00,47,36,35,46,14
Bangalore,2023-11-04 12:00:00,53,49,14,9,13
Kolkata,2023-11-04 13:00:00,5,40,46,49,9
Kolkata,2023-11-04 14:00:00,52,22,51,25,18
Bangalore,2023-11-04 15:00:00,93,96,54,60,11
Chennai,2023-11-04 16:00:00,37,142,46,5,19
Delhi,2023-11-04 17:00:00,61,81,34,61,1
Delhi,2023-11-04 18:00:00,33,22,59,23,15
Kolkata,2023-11-04 19:00:00,72,127,41,23,4
Bangalore,2023-11-04 20:00:00,52,165,30,33,10
Delhi,2023-11-04 21:00:00,27,60,36,17,19
Delhi,2023-11-04 22:00:00,106,68,5,28,1
Chennai,2023-11-04 23:00:00,92,113,36,16,8
Mumbai,2023-11-05 00:00:00,38,162,53,17,24
Kolkata,2023-11-05 01:00:00,77,66,46,38,1
Kolkata,2023-11-05 02:00:00,78,30,70,13,39
Mumbai,2023-11-05 03:00:00,82,118,34,16,32
Delhi,2023-11-05 04:00:00,5,125,49,5,12
Chennai,2023-11-05 05:00:00,95,90,55,20,8
Chennai,2023-11-05 06:00:00,40,64,86,53,20
Kolkata,2023-11-05 07:00:00,47,134,42,14,1
Chennai,2023-11-05 08:00:00,152,113,19,16,1
Mumbai,2023-11-05 09:00:00,70,55,56,33,12
Delhi,2023-11-05 10:00:00,46,92,77,23,16
Mumbai,2023-11-05 11:00:00,5,29,33,70,19
Bangalore,2023-11-05 12:00:00,108,120,56,27,10
Kolkata,2023-11-05 13:00:00,12,78,64,36,33
Chennai,2023-11-05 14:00:00,24,70,60,46,1
Bangalore,2023-11-05 15:00:00,48,88,42,46,4
Chennai,2023-11-05 16:00:00,109,91,26,34,23
Delhi,2023-11-05 17:00:00,87,130,38,27,4
Delhi,2023-11-05 18:00:00,54,116,49,66,3
Delhi,2023-11-05 19:00:00,70,82,58,28,19
Chennai,2023-11-05 20:00:00,38,124,46,22,5
Bangalore,2023-11-05 21:00:00,64,108,32,18,16
Delhi,2023-11-05 22:00:00,62,70,51,5,9
Bangalore,2023-11-05 23:00:00,93,84,57,44,7
Chennai,2023-11-06 00:00:00,93,83,47,5,1
Bangalore,2023-11-06 01:00:00,77,112,23,29,19
Chennai,2023-11-06 02:00:00,47,73,36,26,3
Chennai,2023-11-06 03:00:00,85,72,58,70,15
Kolkata,2023-11-06 04:00:00,56,178,12,5,11
Chennai,2023-11-06 05:00:00,22,132,5,13,15
Chennai,2023-11-06 06:00:00,45,55,70,27,16
Mumbai,2023-11-06 07:00:00,62,115,50,26,20
Delhi,2023-11-06 08:00:00,91,95,52,20,9
Kolkata,2023-11-06 09:00:00,53,107,18,28,32
Kolkata,2023-11-06 10:00:00,17,96,54,7,1
Kolkata,2023-11-06 11:00:00,61,143,45,36,15
Mumbai,2023-11-06 12:00:00,63,105,8,5,28
Chennai,2023-11-06 13:00:00,66,87,68,29,23
Delhi,2023-11-06 14:00:00,92,136,43,19,6
Bangalore,2023-11-06 15:00:00,95,100,32,48,8
Chennai,2023-11-06 16:00:00,39,95,32,61,5
Mumbai,2023-11-06 17:00:00,38,104,5,24,25
Chennai,2023-11-06 18:00:00,23,85,51,55,9
Chennai,2023-11-06 19:00:00,84,90,45,24,21
Mumbai,2023-11-06 20:00:00,110,63,36,12,21
Kolkata,2023-11-06 21:00:00,48,56,65,61,46
Kolkata,2023-11-06 22:00:00,51,45,12,39,21
Delhi,2023-11-06 23:00:00,111,27,28,30,8
Delhi,2023-11-07 00:00:00,77,50,22,42,1
Kolkata,2023-11-07 01:00:00,75,82,34,34,14
Bangalore,2023-11-07 02:00:00,18,94,41,28,16
Chennai,2023-11-07 03:00:00,83,77,48,6,1
Bangalore,2023-11-07 04:00:00,27,10,33,25,9
Chennai,2023-11-07 05:00:00,20,160,22,41,21
Kolkata,2023-11-07 06:00:00,47,138,73,27,11
Delhi,2023-11-07 07:00:00,39,110,88,46,29
Delhi,2023-11-07 08:00:00,52,175,42,36,1
Bangalore,2023-11-07 09:00:00,9,46,24,14,26
Delhi,2023-11-07 10:00:00,93,174,69,6,28
Kolkata,2023-11-07 11:00:00,99,46,11,27,29
Bangalore,2023-11-07 12:00:00,5,100,33,20,1
Chennai,2023-11-07 13:00:00,94,32,26,36,21
Delhi,2023-11-07 14:00:00,31,90,16,17,9
Mumbai,2023-11-07 15:00:00,89,107,34,18,1
Delhi,2023-11-07 16:00:00,57,83,22,48,13
Chennai,2023-11-07 17:00:00,61,122,40,32,7
Bangalore,2023-11-07 18:00:00,53,94,40,17,29
Chennai,2023-11-07 19:00:00,102,66,27,30,24
Mumbai,2023-11-07 20:00:00,16,64,32,54,4
Kolkata,2023-11-07 21:00:00,81,126,35,35,9
Delhi,2023-11-07 22:00:00,98,60,56,40,13
Bangalore,2023-11-07 23:00:00,85,131,37,16,17
Kolkata,2023-11-08 00:00:00,141,145,56,48,30
Chennai,2023-11-08 01:00:00,41,14,51,71,26
Bangalore,2023-11-08 02:00:00,93,140,51,15,18
Kolkata,2023-11-08 03:00:00,56,182,67,8,14
Bangalore,2023-11-08 04:00:00,103,101,17,33,1
Mumbai,2023-11-08 05:00:00,59,116,30,45,33
Mumbai,2023-11-08 06:00:00,46,136,75,28,12
Delhi,2023-11-08 07:00:00,105,77,34,11,36
Delhi,2023-11-08 08:00:00,42,98,5,28,20
Mumbai,2023-11-08 09:00:00,10,30,35,40,42
Bangalore,2023-11-08 10:00:00,41,96,42,22,25
Mumbai,2023-11-08 11:00:00,81,112,5,40,1
Delhi,2023-11-08 12:00:00,108,113,66,50,10
Mumbai,2023-11-08 13:00:00,63,137,25,34,15
Mumbai,2023-11-08 14:00:00,106,55,46,29,7
Bangalore,2023-11-08 15:00:00,12,66,35,44,13
Kolkata,2023-11-08 16:00:00,44,175,14,14,1
Delhi,2023-11-08 17:00:00,49,83,18,12,18
Bangalore,2023-11-08 18:00:00,55,99,21,25,20
Mumbai,2023-11-08 19:00:00,62,86,61,21,5
Mumbai,2023-11-08 20:00:00,84,53,37,15,41
Kolkata,2023-11-08 21:00:00,44,163,29,62,18
Delhi,2023-11-08 22:00:00,64,66,21,69,8
Delhi,2023-11-08 23:00:00,58,39,63,23,1
Chennai,2023-11-09 00:00:00,27,69,69,31,18
Delhi,2023-11-09 01:00:00,56,10,63,26,14
Kolkata,2023-11-09 02:00:00,54,60,49,49,27
Chennai,2023-11-09 03:00:00,54,46,45,53,16
Chennai,2023-11-09 04:00:00,61,117,15,5,3
Mumbai,2023-11-09 05:00:00,62,59,35,38,38
Mumbai,2023-11-09 06:00:00,44,129,26,6,23
Delhi,2023-11-09 07:00:00,104,152,5,61,14
Chennai,2023-11-09 08:00:00,19,125,61,37,19
Mumbai,2023-11-09 09:00:00,34,80,26,15,23
Kolkata,2023-11-09 10:00:00,157,96,63,25,1
Mumbai,2023-11-09 11:00:00,23,21,57,24,19
Mumbai,2023-11-09 12:00:00,12,83,51,39,12
Chennai,2023-11-09 13:00:00,85,51,52,48,24
Chennai,2023-11-09 14:00:00,5,121,27,9,9
Bangalore,2023-11-09 15:00:00,51,205,77,63,10
Kolkata,2023-11-09 16:00:00,135,112,40,58,37
Chennai,2023-11-09 17:00:00,5,10,46,14,32
Delhi,2023-11-09 18:00:00,5,73,27,31,1
Kolkata,2023-11-09 19:00:00,7,95,21,60,31
Kolkata,2023-11-09 20:00:00,91,93,49,52,17
Chennai,2023-11-09 21:00:00,99,57,44,23,9
Kolkata,2023-11-09 22:00:00,42,101,24,44,5
Chennai,2023-11-09 23:00:00,83,34,11,83,6
Mumbai,2023-11-10 00:00:00,108,47,14,31,9
Bangalore,2023-11-10 01:00:00,122,119,63,18,4
Mumbai,2023-11-10 02:00:00,51,44,27,33,1
Chennai,2023-11-10 03:00:00,5,114,33,34,5
Chennai,2023-11-10 04:00:00,31,28,69,20,21
Mumbai,2023-11-10 05:00:00,45,169,17,37,18
Delhi,2023-11-10 06:00:00,50,55,25,7,24
Delhi,2023-11-10 07:00:00,53,79,24,18,17
Delhi,2023-11-10 08:00:00,99,104,72,43,2
Chennai,2023-11-10 09:00:00,104,64,79,5,23
Kolkata,2023-11-10 10:00:00,53,96,55,46,5
Chennai,2023-11-10 11:00:00,98,115,55,5,25
Kolkata,2023-11-10 12:00:00,72,133,28,5,4
Mumbai,2023-11-10 13:00:00,62,125,78,21,9
Bangalore,2023-11-10 14:00:00,91,82,45,35,13
Kolkata,2023-11-10 15:00:00,62,83,57,53,26
Delhi,2023-11-10 16:00:00,132,195,37,31,20
Chennai,2023-11-10 17:00:00,9,132,34,25,18
Mumbai,2023-11-10 18:00:00,41,48,73,40,40
Delhi,2023-11-10 19:00:00,55,94,50,14,1
Mumbai,2023-11-10 20:00:00,75,74,69,32,5
Bangalore,2023-11-10 21:00:00,104,83,45,8,5
Chennai,2023-11-10 22:00:00,59,34,23,31,1
Chennai,2023-11-10 23:00:00,10,71,28,27,9
Bangalore,2023-11-11 00:00:00,89,171,42,15,26
Chennai,2023-11-11 01:00:00,86,116,27,32,10
Kolkata,2023-11-11 02:00:00,5,10,17,32,14
Mumbai,2023-11-11 03:00:00,59,144,64,51,1
Delhi,2023-11-11 04:00:00,5,139,29,5,8
Bangalore,2023-11-11 05:00:00,36,73,42,28,12
Kolkata,2023-11-11 06:00:00,28,122,45,16,25
Delhi,2023-11-11 07:00:00,88,51,28,45,1
Delhi,2023-11-11 08:00:00,64,68,69,43,12
Bangalore,2023-11-11 09:00:00,15,157,17,39,31
Kolkata,2023-11-11 10:00:00,90,77,45,17,12
Delhi,2023-11-11 11:00:00,9,10,44,45,1
Delhi,2023-11-11 12:00:00,71,87,38,5,33
Kolkata,2023-11-11 13:00:00,31,86,14,5,26
Chennai,2023-11-11 14:00:00,47,143,57,7,28
Delhi,2023-11-11 15:00:00,77,90,54,29,1
Mumbai,2023-11-11 16:00:00,78,71,26,42,36
Kolkata,2023-11-11 17:00:00,106,137,54,5,8
Delhi,2023-11-11 18:00:00,57,95,47,53,11
Bangalore,2023-11-11 19:00:00,70,56,14,32,9
Mumbai,2023-11-11 20:00:00,44,141,22,5,29
Delhi,2023-11-11 21:00:00,66,98,62,31,15
Mumbai,2023-11-11 22:00:00,75,90,46,49,23
Mumbai,2023-11-11 23:00:00,56,98,28,40,18
Chennai,2023-11-12 00:00:00,5,41,22,49,16
Mumbai,2023-11-12 01:00:00,71,66,29,5,6
Chennai,2023-11-12 02:00:00,72,90,31,22,39
Kolkata,2023-11-12 03:00:00,36,81,23,13,1
Chennai,2023-11-12 04:00:00,15,147,5,60,22
Bangalore,2023-11-12 05:00:00,111,99,62,41,22
Delhi,2023-11-12 06:00:00,77,128,59,81,31
Kolkata,2023-11-12 07:00:00,51,90,14,21,34
Kolkata,2023-11-12 08:00:00,20,137,42,16,16
Bangalore,2023-11-12 09:00:00,31,107,21,27,24
Chennai,2023-11-12 10:00:00,105,90,34,54,39
Delhi,2023-11-12 11:00:00,64,89,33,23,17
Chennai,2023-11-12 12:00:00,40,47,31,32,5
Mumbai,2023-11-12 13:00:00,77,112,80,31,13
Chennai,2023-11-12 14:00:00,31,88,31,30,2
Kolkata,2023-11-12 15:00:00,112,67,23,18,22
Delhi,2023-11-12 16:00:00,107,139,24,27,30
Chennai,2023-11-12 17:00:00,43,33,60,26,16
Delhi,2023-11-12 18:00:00,37,70,6,29,1
Delhi,2023-11-12 19:00:00,5,136,24,46,30
Mumbai,2023-11-12 20:00:00,8,104,68,61,1
Mumbai,2023-11-12 21:00:00,13,87,44,14,1
Kolkata,2023-11-12 22:00:00,64,101,43,22,15
Bangalore,2023-11-12 23:00:00,48,98,82,15,21
Delhi,2023-11-13 00:00:00,12,21,44,33,23
Bangalore,2023-11-13 01:00:00,50,74,25,20,17
Kolkata,2023-11-13 02:00:00,77,162,34,34,39
Delhi,2023-11-13 03:00:00,78,60,17,49,18
Delhi,2023-11-13 04:00:00,5,75,65,5,30
Bangalore,2023-11-13 05:00:00,55,65,51,38,27
Chennai,2023-11-13 06:00:00,11,86,62,21,2
Mumbai,2023-11-13 07:00:00,91,63,64,38,15
Chennai,2023-11-13 08:00:00,87,111,31,13,43
Bangalore,2023-11-13 09:00:00,28,98,21,51,11
Mumbai,2023-11-13 10:00:00,33,124,38,46,9
Chennai,2023-11-13 11:00:00,43,42,22,40,20
Mumbai,2023-11-13 12:00:00,5,74,43,44,12
Delhi,2023-11-13 13:00:00,71,79,62,16,8
Chennai,2023-11-13 14:00:00,50,110,36,18,12
Mumbai,2023-11-13 15:00:00,93,54,42,43,35
Mumbai,2023-11-13 16:00:00,21,131,38,16,16
Mumbai,2023-11-13 17:00:00,38,143,56,56,2
Chennai,2023-11-13 18:00:00,7,45,26,24,1
Kolkata,2023-11-13 19:00:00,24,67,5,39,44
Chennai,2023-11-13 20:00:00,18,66,49,67,15
Bangalore,2023-11-13 21:00:00,94,208,59,17,23
Chennai,2023-11-13 22:00:00,35,70,48,31,8
Mumbai,2023-11-13 23:00:00,64,165,27,48,21
Delhi,2023-11-14 00:00:00,46,33,17,47,35
Chennai,2023-11-14 01:00:00,15,45,49,24,10
Chennai,2023-11-14 02:00:00,54,59,42,20,23
Mumbai,2023-11-14 03:00:00,80,51,37,25,1
Delhi,2023-11-14 04:00:00,17,77,76,56,42
Delhi,2023-11-14 05:00:00,88,58,21,24,21
Bangalore,2023-11-14 06:00:00,30,53,75,31,13
Chennai,2023-11-14 07:00:00,43,142,40,22,14
Delhi,2023-11-14 08:00:00,78,145,5,42,11
Delhi,2023-11-14 09:00:00,36,132,36,32,12
Kolkata,2023-11-14 10:00:00,61,113,59,11,1
Kolkata,2023-11-14 11:00:00,48,94,32,12,16
Delhi,2023-11-14 12:00:00,64,67,10,5,16
Bangalore,2023-11-14 13:00:00,5,47,36,15,23
Delhi,2023-11-14 14:00:00,5,106,22,44,11
Mumbai,2023-11-14 15:00:00,81,37,49,53,8
